Full Name,Weight,Matchup,Outcome,Method,Round,Time,Method Summary,Match Summary,Predicted Match Summary
Aaron Riley,155 lbs.,Joe Brammer,WIN,U-DEC,3.0,5:00,Decision,Aaron Riley Decision Win,Aaron Riley Decision Win
Aaron Simpson,170 lbs.,Ronny Markes,LOSS,S-DEC,3.0,5:00,Decision,Ronny Markes Decision Win,Ronny Markes Decision Win
Abdul Razak Alhassan,185 lbs.,Alessio Di Chirico,WIN,KO/TKO ,1.0,0:17,KO,Abdul Razak Alhassan KO Win,Abdul Razak Alhassan KO Win
Abel Trujillo,155 lbs.,Jordan Rinaldi,WIN,U-DEC,3.0,5:00,Decision,Abel Trujillo Decision Win,Abel Trujillo KO Win
Akihiro Gono,170 lbs.,Dan Hardy,LOSS,S-DEC,3.0,5:00,Decision,Dan Hardy Decision Win,Dan Hardy Decision Win
Akira Shoji,195 lbs.,Daijiro Matsui,DRAW,Other,4.0,10:00,Submission,Daijiro Matsui Submission Win,Akira Shoji Decision Win
Al Iaquinta,155 lbs.,Kevin Lee,WIN,U-DEC ,5.0,5:00,Decision,Al Iaquinta Decision Win,Al Iaquinta Decision Win
Alan Belcher,185 lbs.,Jason MacDonald,WIN,KO/TKO,1.0,3:48,KO,Alan Belcher KO Win,Alan Belcher KO Win
Alan Jouban,170 lbs.,Ben Saunders,WIN,KO/TKO ,2.0,2:38,KO,Alan Jouban KO Win,Alan Jouban KO Win
Alan Patrick,155 lbs.,Bobby Green,LOSS,U-DEC,3.0,5:00,Decision,Bobby Green Decision Win,Alan Patrick Decision Win
Alejandro Perez,135 lbs.,Song Yadong,LOSS,KO/TKO,1.0,2:04,KO,Song Yadong KO Win,Song Yadong Decision Win
Aleksei Oleinik,240 lbs.,Chris Daukaus,LOSS,KO/TKO,1.0,1:55,KO,Chris Daukaus KO Win,Chris Daukaus KO Win
Alessio Di Chirico,185 lbs.,Joaquin Buckley,WIN,KO/TKO ,1.0,2:12,KO,Alessio Di Chirico KO Win,Joaquin Buckley KO Win
Alessio Sakara,185 lbs.,Chris Weidman,LOSS,U-DEC,3.0,5:00,Decision,Chris Weidman Decision Win,Alessio Sakara KO Win
Alex Caceres,145 lbs.,Urijah Faber,LOSS,SUB,3.0,1:09,Submission,Urijah Faber Submission Win,Alex Caceres Decision Win
Alex Garcia,170 lbs.,Muslim Salikhov,WIN,SUB,2.0,3:22,Submission,Alex Garcia Submission Win,Muslim Salikhov Decision Win
Alex Karalexis,155 lbs.,Bart Palaszewski,LOSS,KO/TKO,2.0,1:11,KO,Bart Palaszewski KO Win,Alex Karalexis Decision Win
Alex Morono,170 lbs.,David Zawada,WIN,U-DEC,3.0,5:00,Decision,Alex Morono Decision Win,Alex Morono Decision Win
Alex Oliveira,170 lbs.,Joe Merritt,WIN,U-DEC,3.0,5:00,Decision,Alex Oliveira Decision Win,Alex Oliveira Decision Win
Alex Perez,125 lbs.,Jussier Formiga,WIN,KO/TKO ,1.0,4:06,KO,Alex Perez KO Win,Alex Perez Decision Win
Alex White,155 lbs.,Jim Miller,LOSS,SUB,1.0,1:29,Submission,Jim Miller Submission Win,Jim Miller Decision Win
Alexa Grasso,125 lbs.,Joanne Wood,WIN,SUB,1.0,3:57,Submission,Alexa Grasso Submission Win,Alexa Grasso Decision Win
Alexander Gustafsson,205 lbs.,Daniel Cormier,LOSS,S-DEC ,5.0,5:00,Decision,Daniel Cormier Decision Win,Daniel Cormier KO Win
Alexander Hernandez,155 lbs.,Renato Moicano,LOSS,SUB,2.0,1:23,Submission,Renato Moicano Submission Win,Alexander Hernandez KO Win
Alexander Otsuka,205 lbs.,Yoshihisa Yamamoto,LOSS,KO/TKO,2.0,5:00,KO,Yoshihisa Yamamoto KO Win,Yoshihisa Yamamoto KO Win
Alexander Volkanovski,145 lbs.,Chan Sung Jung,WIN,KO/TKO ,4.0,0:45,KO,Alexander Volkanovski KO Win,Alexander Volkanovski Decision Win
Alexander Volkov,250 lbs.,Marcin Tybura,WIN,U-DEC,3.0,5:00,Decision,Alexander Volkov Decision Win,Alexander Volkov KO Win
Alexandre Pantoja,125 lbs.,Manel Kape,WIN,U-DEC,3.0,5:00,Decision,Alexandre Pantoja Decision Win,Alexandre Pantoja Decision Win
Alexis Davis,135 lbs.,Viviane Araujo,LOSS,U-DEC,3.0,5:00,Decision,Viviane Araujo Decision Win,Alexis Davis Decision Win
Alistair Overeem,265 lbs.,Mirko Filipovic,NC,CNC,1.0,6:09,Submission,Mirko Filipovic Submission Win,Mirko Filipovic KO Win
Aljamain Sterling,135 lbs.,Cory Sandhagen,WIN,SUB ,1.0,1:28,Submission,Aljamain Sterling Submission Win,Aljamain Sterling Decision Win
Alonzo Menifield,205 lbs.,Askar Mozharov,WIN,KO/TKO,1.0,4:40,KO,Alonzo Menifield KO Win,Alonzo Menifield KO Win
Amanda Nunes,135 lbs.,Felicia Spencer,WIN,U-DEC,5.0,5:00,Decision,Amanda Nunes Decision Win,Amanda Nunes Decision Win
Amir Sadollah,170 lbs.,Jorge Lopez,WIN,S-DEC,3.0,5:00,Decision,Amir Sadollah Decision Win,Amir Sadollah Decision Win
Anderson Silva,185 lbs.,Derek Brunson,WIN,U-DEC,3.0,5:00,Decision,Anderson Silva Decision Win,Anderson Silva KO Win
Andre Fili,145 lbs.,Bryce Mitchell,LOSS,U-DEC,3.0,5:00,Decision,Bryce Mitchell Decision Win,Bryce Mitchell Decision Win
Andrea Lee,125 lbs.,Cynthia Calvillo,WIN,KO/TKO ,2.0,5:00,KO,Andrea Lee KO Win,Cynthia Calvillo Decision Win
Andrei Arlovski,240 lbs.,Carlos Felipe,WIN,U-DEC,3.0,5:00,Decision,Andrei Arlovski Decision Win,Carlos Felipe Decision Win
Andrew Sanchez,185 lbs.,Wellington Turman,WIN,KO/TKO ,1.0,4:14,KO,Andrew Sanchez KO Win,Andrew Sanchez Decision Win
Angela Hill,115 lbs.,Rose Namajunas,LOSS,SUB,1.0,2:47,Submission,Rose Namajunas Submission Win,Rose Namajunas Decision Win
Anthony Hamilton,260 lbs.,Marcel Fortuna,LOSS,KO/TKO,1.0,3:10,KO,Marcel Fortuna KO Win,Anthony Hamilton Decision Win
Anthony Johnson,205 lbs.,Jimi Manuwa,WIN,KO/TKO ,2.0,0:28,KO,Anthony Johnson KO Win,Anthony Johnson KO Win
Anthony Njokuani,155 lbs.,Rafael Dos Anjos,LOSS,U-DEC,3.0,5:00,Decision,Rafael Dos Anjos Decision Win,Rafael Dos Anjos Decision Win
Anthony Perosh,205 lbs.,Guto Inocente,WIN,SUB,1.0,3:46,Submission,Anthony Perosh Submission Win,Anthony Perosh KO Win
Anthony Pettis,155 lbs.,Jeremy Stephens,WIN,S-DEC,3.0,5:00,Decision,Anthony Pettis Decision Win,Anthony Pettis Decision Win
Anthony Rocco Martin,170 lbs.,Sergio Moraes,WIN,U-DEC,3.0,5:00,Decision,Anthony Rocco Martin Decision Win,Sergio Moraes Decision Win
Anthony Smith,205 lbs.,Lumumba Sayers,WIN,SUB,1.0,3:52,Submission,Anthony Smith Submission Win,Anthony Smith Submission Win
Antonio Banuelos,135 lbs.,Miguel Torres,LOSS,U-DEC,3.0,5:00,Decision,Miguel Torres Decision Win,Antonio Banuelos Decision Win
Antonio Carlos Junior,185 lbs.,Ian Heinisch,LOSS,U-DEC,3.0,5:00,Decision,Ian Heinisch Decision Win,Antonio Carlos Junior Decision Win
Antonio Rodrigo Nogueira,240 lbs.,Wagner da Conceicao Martins,WIN,SUB,1.0,2:17,Submission,Antonio Rodrigo Nogueira Submission Win,Antonio Rodrigo Nogueira Submission Win
Antonio Silva,264 lbs.,Soa Palelei,WIN,KO/TKO,2.0,0:41,KO,Antonio Silva KO Win,Soa Palelei KO Win
Arnold Allen,145 lbs.,Dan Hooker,WIN,KO/TKO,1.0,2:33,KO,Arnold Allen KO Win,Arnold Allen Decision Win
Ashley Yoder,115 lbs.,Miranda Granger,WIN,U-DEC,3.0,5:00,Decision,Ashley Yoder Decision Win,Miranda Granger Decision Win
Augusto Sakai,265 lbs.,Tai Tuivasa,LOSS,KO/TKO,2.0,0:26,KO,Tai Tuivasa KO Win,Tai Tuivasa KO Win
BJ Penn,155 lbs.,Paul Creighton,WIN,KO/TKO,2.0,3:23,KO,BJ Penn KO Win,BJ Penn KO Win
Bart Palaszewski,145 lbs.,Hatsu Hioki,LOSS,U-DEC,3.0,5:00,Decision,Hatsu Hioki Decision Win,Hatsu Hioki Decision Win
Belal Muhammad,170 lbs.,Demian Maia,WIN,U-DEC,3.0,5:00,Decision,Belal Muhammad Decision Win,Belal Muhammad Decision Win
Ben Rothwell,265 lbs.,Mark Hunt,LOSS,U-DEC,3.0,5:00,Decision,Mark Hunt Decision Win,Ben Rothwell KO Win
Ben Saunders,170 lbs.,Sergio Moraes,LOSS,SUB,2.0,4:42,Submission,Sergio Moraes Submission Win,Sergio Moraes Decision Win
Beneil Dariush,155 lbs.,Jim Miller,WIN,U-DEC,3.0,5:00,Decision,Beneil Dariush Decision Win,Beneil Dariush Decision Win
Benson Henderson,170 lbs.,Rafael Dos Anjos,LOSS,KO/TKO,1.0,2:31,KO,Rafael Dos Anjos KO Win,Benson Henderson Decision Win
Bethe Correia,135 lbs.,Sijara Eubanks,WIN,U-DEC,3.0,5:00,Decision,Bethe Correia Decision Win,Sijara Eubanks Decision Win
Bibiano Fernandes,139 lbs.,Rodolfo Marques Diniz,WIN,U-DEC,2.0,5:00,Decision,Bibiano Fernandes Decision Win,Bibiano Fernandes Decision Win
Billy Evangelista,155 lbs.,Waachiim Spiritwolf,WIN,U-DEC,3.0,5:00,Decision,Billy Evangelista Decision Win,Billy Evangelista Decision Win
Bobby Green,155 lbs.,James Krause,WIN,KO/TKO,1.0,3:50,KO,Bobby Green KO Win,Bobby Green Decision Win
Brad Pickett,135 lbs.,Ian McCall,LOSS,U-DEC,3.0,5:00,Decision,Ian McCall Decision Win,Brad Pickett Decision Win
Brad Tavares,185 lbs.,Riki Fukuda,WIN,U-DEC,3.0,5:00,Decision,Brad Tavares Decision Win,Brad Tavares Decision Win
Brandon Davis,135 lbs.,Giga Chikadze,LOSS,S-DEC,3.0,5:00,Decision,Giga Chikadze Decision Win,Giga Chikadze Decision Win
Brandon Moreno,125 lbs.,Deiveson Figueiredo,WIN,SUB ,3.0,2:26,Submission,Brandon Moreno Submission Win,Deiveson Figueiredo Decision Win
Brandon Vera,230 lbs.,Krzysztof Soszynski,WIN,U-DEC,3.0,5:00,Decision,Brandon Vera Decision Win,Brandon Vera KO Win
Brendan Allen,185 lbs.,Jacob Malkoun,WIN,U-DEC,3.0,5:00,Decision,Brendan Allen Decision Win,Jacob Malkoun Decision Win
Brendan Schaub,245 lbs.,Matt Mitrione,WIN,SUB,1.0,4:06,Submission,Brendan Schaub Submission Win,Matt Mitrione KO Win
Brian Bowles,135 lbs.,Takeya Mizugaki,WIN,U-DEC,3.0,5:00,Decision,Brian Bowles Decision Win,Brian Bowles Submission Win
Brian Kelleher,135 lbs.,Domingo Pilarte,WIN,U-DEC,3.0,5:00,Decision,Brian Kelleher Decision Win,Brian Kelleher Decision Win
Brian Ortega,145 lbs.,Chan Sung Jung,WIN,U-DEC,5.0,5:00,Decision,Brian Ortega Decision Win,Brian Ortega KO Win
Brian Stann,205 lbs.,Chael Sonnen,LOSS,SUB,2.0,3:51,Submission,Chael Sonnen Submission Win,Brian Stann KO Win
Brock Larson,170 lbs.,Mike Pyle,WIN,SUB ,1.0,3:06,Submission,Brock Larson Submission Win,Brock Larson KO Win
Bruno Silva,125 lbs.,JP Buys,WIN,KO/TKO ,2.0,2:56,KO,Bruno Silva KO Win,Bruno Silva KO Win
Bryan Barberena,170 lbs.,Matt Brown,WIN,S-DEC ,3.0,5:00,Decision,Bryan Barberena Decision Win,Matt Brown KO Win
Bryan Caraway,135 lbs.,Eddie Wineland,WIN,U-DEC,3.0,5:00,Decision,Bryan Caraway Decision Win,Eddie Wineland Decision Win
CB Dollaway,185 lbs.,Nate Marquardt,LOSS,KO/TKO,2.0,0:28,KO,Nate Marquardt KO Win,CB Dollaway Decision Win
Cain Velasquez,240 lbs.,Junior Dos Santos,WIN,KO/TKO,5.0,3:09,KO,Cain Velasquez KO Win,Cain Velasquez KO Win
Calvin Kattar,145 lbs.,Giga Chikadze,WIN,U-DEC ,5.0,5:00,Decision,Calvin Kattar Decision Win,Giga Chikadze Decision Win
Caol Uno,155 lbs.,Gleison Tibau,LOSS,KO/TKO,1.0,4:13,KO,Gleison Tibau KO Win,Gleison Tibau Decision Win
Carla Esparza,115 lbs.,Marina Rodriguez,WIN,S-DEC,3.0,5:00,Decision,Carla Esparza Decision Win,Marina Rodriguez Decision Win
Carlos Condit,170 lbs.,Dong Hyun Kim,WIN,KO/TKO ,1.0,2:58,KO,Carlos Condit KO Win,Dong Hyun Kim Decision Win
Carlos Newton,170 lbs.,Renzo Gracie,WIN,S-DEC,2.0,5:00,Decision,Carlos Newton Decision Win,Renzo Gracie Decision Win
Casey Kenney,135 lbs.,Nathaniel Wood,WIN,U-DEC ,3.0,5:00,Decision,Casey Kenney Decision Win,Nathaniel Wood Decision Win
Cezar Ferreira,185 lbs.,Nate Marquardt,WIN,S-DEC,3.0,5:00,Decision,Cezar Ferreira Decision Win,Cezar Ferreira Decision Win
Chad Laprise,170 lbs.,Galore Bofando,WIN,KO/TKO,1.0,4:10,KO,Chad Laprise KO Win,Galore Bofando KO Win
Chad Mendes,145 lbs.,Nik Lentz,WIN,U-DEC,3.0,5:00,Decision,Chad Mendes Decision Win,Chad Mendes Decision Win
Chael Sonnen,205 lbs.,Anderson Silva,LOSS,KO/TKO,2.0,1:55,KO,Anderson Silva KO Win,Anderson Silva KO Win
Chan Sung Jung,145 lbs.,Brian Ortega,LOSS,U-DEC,5.0,5:00,Decision,Brian Ortega Decision Win,Brian Ortega KO Win
Charles Jourdain,145 lbs.,Lando Vannata,WIN,SUB,1.0,2:32,Submission,Charles Jourdain Submission Win,Charles Jourdain Decision Win
Charles Oliveira,155 lbs.,Nik Lentz,NC,Overturned ,2.0,1:48,Submission,Nik Lentz Submission Win,Charles Oliveira Submission Win
Charles Rosa,145 lbs.,Damon Jackson,LOSS,U-DEC,3.0,5:00,Decision,Damon Jackson Decision Win,Damon Jackson Decision Win
Charlie Brenneman,155 lbs.,Beneil Dariush,LOSS,SUB,1.0,1:45,Submission,Beneil Dariush Submission Win,Beneil Dariush KO Win
Charlie Valencia,135 lbs.,Akitoshi Tamura,WIN,S-DEC,3.0,5:00,Decision,Charlie Valencia Decision Win,Charlie Valencia Decision Win
Chas Skelly,145 lbs.,Bobby Moffett,NC,Overturned,2.0,2:43,Submission,Bobby Moffett Submission Win,Chas Skelly Decision Win
Chase Sherman,250 lbs.,Jake Collier,LOSS,SUB,1.0,2:26,Submission,Jake Collier Submission Win,Jake Collier Decision Win
Cheick Kongo,240 lbs.,Paul Buentello,WIN,KO/TKO,3.0,1:16,KO,Cheick Kongo KO Win,Cheick Kongo KO Win
Chris Camozzi,185 lbs.,Vitor Miranda,WIN,U-DEC,3.0,5:00,Decision,Chris Camozzi Decision Win,Chris Camozzi Decision Win
Chris Cariaso,125 lbs.,Jussier Formiga,LOSS,U-DEC,3.0,5:00,Decision,Jussier Formiga Decision Win,Chris Cariaso Decision Win
Chris Gutierrez,135 lbs.,Batgerel Danaa,WIN,KO/TKO ,2.0,2:34,KO,Chris Gutierrez KO Win,Chris Gutierrez Decision Win
Chris Leben,185 lbs.,Jason MacDonald,LOSS,SUB,2.0,4:03,Submission,Jason MacDonald Submission Win,Chris Leben KO Win
Chris Lytle,170 lbs.,Tiki Ghosn,WIN,SUB,2.0,1:55,Submission,Chris Lytle Submission Win,Chris Lytle Submission Win
Chris Weidman,185 lbs.,Jacare Souza,LOSS,KO/TKO ,3.0,2:46,KO,Jacare Souza KO Win,Jacare Souza KO Win
Christos Giagos,155 lbs.,Sean Soriano,WIN,SUB ,2.0,0:59,Submission,Christos Giagos Submission Win,Christos Giagos Submission Win
Chuck Liddell,205 lbs.,Amar Suloev,WIN,U-DEC,3.0,5:00,Decision,Chuck Liddell Decision Win,Chuck Liddell KO Win
Ciryl Gane,245 lbs.,Francis Ngannou,LOSS,U-DEC,5.0,5:00,Decision,Francis Ngannou Decision Win,Francis Ngannou KO Win
Claudia Gadelha,115 lbs.,Randa Markos,WIN,U-DEC,3.0,5:00,Decision,Claudia Gadelha Decision Win,Claudia Gadelha Decision Win
Clay Guida,155 lbs.,Claudio Puelles,LOSS,SUB,1.0,3:01,Submission,Claudio Puelles Submission Win,Claudio Puelles Submission Win
Cody Garbrandt,135 lbs.,Rob Font,LOSS,U-DEC,5.0,5:00,Decision,Rob Font Decision Win,Rob Font KO Win
Cody Stamann,135 lbs.,Said Nurmagomedov,LOSS,SUB,1.0,0:47,Submission,Said Nurmagomedov Submission Win,Cody Stamann Decision Win
Colby Covington,170 lbs.,Kamaru Usman,LOSS,KO/TKO ,5.0,4:10,KO,Kamaru Usman KO Win,Kamaru Usman Decision Win
Cole Miller,145 lbs.,Max Holloway,LOSS,U-DEC,3.0,5:00,Decision,Max Holloway Decision Win,Max Holloway Decision Win
Conor McGregor,155 lbs.,Khabib Nurmagomedov,LOSS,SUB,4.0,3:03,Submission,Khabib Nurmagomedov Submission Win,Conor McGregor KO Win
Constantinos Philippou,185 lbs.,Luke Rockhold,LOSS,KO/TKO,1.0,2:31,KO,Luke Rockhold KO Win,Constantinos Philippou KO Win
Corey Anderson,205 lbs.,Glover Teixeira,WIN,U-DEC,3.0,5:00,Decision,Corey Anderson Decision Win,Glover Teixeira KO Win
Cortney Casey,125 lbs.,Gillian Robertson,LOSS,SUB,3.0,4:36,Submission,Gillian Robertson Submission Win,Gillian Robertson Decision Win
Cory Sandhagen,135 lbs.,Petr Yan,LOSS,U-DEC ,5.0,5:00,Decision,Petr Yan Decision Win,Petr Yan Decision Win
Court McGee,170 lbs.,Carlos Condit,LOSS,U-DEC,3.0,5:00,Decision,Carlos Condit Decision Win,Court McGee Decision Win
Cristiane Justino,145 lbs.,Holly Holm,WIN,U-DEC ,5.0,5:00,Decision,Cristiane Justino Decision Win,Cristiane Justino KO Win
Cub Swanson,135 lbs.,Dustin Poirier,WIN,U-DEC,3.0,5:00,Decision,Cub Swanson Decision Win,Dustin Poirier KO Win
Cung Le,185 lbs.,Patrick Cote,WIN,U-DEC,3.0,5:00,Decision,Cung Le Decision Win,Cung Le KO Win
Curtis Blaydes,265 lbs.,Derrick Lewis,LOSS,KO/TKO,2.0,1:26,KO,Derrick Lewis KO Win,Curtis Blaydes KO Win
Cynthia Calvillo,125 lbs.,Andrea Lee,LOSS,KO/TKO,2.0,5:00,KO,Andrea Lee KO Win,Cynthia Calvillo Decision Win
DaMarques Johnson,170 lbs.,John Maguire,LOSS,SUB,2.0,4:40,Submission,John Maguire Submission Win,DaMarques Johnson Decision Win
Daijiro Matsui,200 lbs.,Quinton Jackson,WIN,DQ,1.0,0:14,Submission,Daijiro Matsui Submission Win,Quinton Jackson Decision Win
Daiju Takase,170 lbs.,Chris Brennan,WIN,U-DEC,2.0,5:00,Decision,Daiju Takase Decision Win,Chris Brennan Submission Win
Damon Jackson,145 lbs.,Dan Argueta,WIN,U-DEC,3.0,5:00,Decision,Damon Jackson Decision Win,Damon Jackson Decision Win
Dan Hardy,170 lbs.,Chris Lytle,LOSS,SUB ,3.0,4:16,Submission,Chris Lytle Submission Win,Dan Hardy Decision Win
Dan Henderson,185 lbs.,Tim Boetsch,WIN,KO/TKO,1.0,0:28,KO,Dan Henderson KO Win,Dan Henderson KO Win
Dan Hooker,155 lbs.,Nasrat Haqparast,WIN,U-DEC,3.0,5:00,Decision,Dan Hooker Decision Win,Nasrat Haqparast Decision Win
Dan Ige,145 lbs.,Chan Sung Jung,LOSS,U-DEC,5.0,5:00,Decision,Chan Sung Jung Decision Win,Dan Ige KO Win
Dan Miller,185 lbs.,Rousimar Palhares,LOSS,U-DEC,3.0,5:00,Decision,Rousimar Palhares Decision Win,Rousimar Palhares Submission Win
Dan Severn,250 lbs.,Mark Coleman,LOSS,SUB,1.0,2:57,Submission,Mark Coleman Submission Win,Dan Severn Submission Win
Daniel Cormier,235 lbs.,Jason Riley,WIN,KO/TKO,1.0,1:02,KO,Daniel Cormier KO Win,Daniel Cormier KO Win
Daniel Kelly,185 lbs.,Derek Brunson,LOSS,KO/TKO,1.0,1:16,KO,Derek Brunson KO Win,Daniel Kelly Decision Win
Daniel Pineda,145 lbs.,Cub Swanson,LOSS,KO/TKO,2.0,1:52,KO,Cub Swanson KO Win,Daniel Pineda Submission Win
Daniel Rodriguez,170 lbs.,Kevin Lee,WIN,U-DEC,3.0,5:00,Decision,Daniel Rodriguez Decision Win,Daniel Rodriguez Decision Win
Danny Castillo,155 lbs.,Phil Cardella,WIN,S-DEC,3.0,5:00,Decision,Danny Castillo Decision Win,Danny Castillo Decision Win
Danny Roberts,170 lbs.,Ramazan Emeev,WIN,S-DEC,3.0,5:00,Decision,Danny Roberts Decision Win,Ramazan Emeev Decision Win
Daron Cruickshank,155 lbs.,Beneil Dariush,LOSS,SUB,2.0,2:38,Submission,Beneil Dariush Submission Win,Beneil Dariush Decision Win
Darren Elkins,145 lbs.,Jeremy Stephens,LOSS,U-DEC,3.0,5:00,Decision,Jeremy Stephens Decision Win,Darren Elkins Decision Win
Darren Stewart,205 lbs.,Kevin Holland,LOSS,S-DEC,3.0,5:00,Decision,Kevin Holland Decision Win,Kevin Holland Decision Win
Darren Till,185 lbs.,Robert Whittaker,LOSS,U-DEC,5.0,5:00,Decision,Robert Whittaker Decision Win,Darren Till Decision Win
Davey Grant,135 lbs.,Adrian Yanez,LOSS,S-DEC ,3.0,5:00,Decision,Adrian Yanez Decision Win,Adrian Yanez KO Win
David Abbott,265 lbs.,Sam Adkins,WIN,SUB,1.0,2:06,Submission,David Abbott Submission Win,Sam Adkins KO Win
Deiveson Figueiredo,125 lbs.,Brandon Moreno,DRAW,M-DEC ,5.0,5:00,Decision,Brandon Moreno Decision Win,Deiveson Figueiredo Decision Win
Demetrious Johnson,125 lbs.,Dominick Cruz,LOSS,U-DEC,5.0,5:00,Decision,Dominick Cruz Decision Win,Dominick Cruz Decision Win
Demian Maia,170 lbs.,Alexander Yakovlev,WIN,U-DEC,3.0,5:00,Decision,Demian Maia Decision Win,Demian Maia Decision Win
Denis Kang,185 lbs.,Xavier Foupa-Pokam,WIN,U-DEC,3.0,5:00,Decision,Denis Kang Decision Win,Denis Kang Decision Win
Dennis Bermudez,155 lbs.,Darren Elkins,LOSS,S-DEC,3.0,5:00,Decision,Darren Elkins Decision Win,Dennis Bermudez Decision Win
Dennis Hallman,155 lbs.,Karo Parisyan,WIN,KO/TKO,1.0,1:47,KO,Dennis Hallman KO Win,Karo Parisyan Decision Win
Dennis Siver,145 lbs.,Dale Hartt,WIN,SUB,1.0,3:23,Submission,Dennis Siver Submission Win,Dennis Siver Submission Win
Derek Brunson,185 lbs.,Roan Carneiro,WIN,KO/TKO,1.0,2:38,KO,Derek Brunson KO Win,Derek Brunson Decision Win
Derrick Lewis,260 lbs.,Gabriel Gonzaga,WIN,KO/TKO ,1.0,4:48,KO,Derrick Lewis KO Win,Derrick Lewis KO Win
Devin Clark,205 lbs.,Ion Cutelaba,LOSS,U-DEC,3.0,5:00,Decision,Ion Cutelaba Decision Win,Devin Clark Decision Win
Dhiego Lima,170 lbs.,Luke Jumeau,WIN,S-DEC,3.0,5:00,Decision,Dhiego Lima Decision Win,Luke Jumeau Decision Win
Diego Brandao,145 lbs.,Jimy Hettes,WIN,KO/TKO,1.0,5:00,KO,Diego Brandao KO Win,Jimy Hettes Submission Win
Diego Ferreira,155 lbs.,Beneil Dariush,LOSS,S-DEC ,3.0,5:00,Decision,Beneil Dariush Decision Win,Beneil Dariush Decision Win
Diego Nunes,145 lbs.,Dennis Siver,LOSS,U-DEC,3.0,5:00,Decision,Dennis Siver Decision Win,Diego Nunes Decision Win
Diego Sanchez,170 lbs.,Takanori Gomi,WIN,S-DEC,3.0,5:00,Decision,Diego Sanchez Decision Win,Takanori Gomi Decision Win
Dominick Cruz,135 lbs.,TJ Dillashaw,WIN,S-DEC ,5.0,5:00,Decision,Dominick Cruz Decision Win,Dominick Cruz Decision Win
Dominick Reyes,205 lbs.,Jan Blachowicz,LOSS,KO/TKO,2.0,4:36,KO,Jan Blachowicz KO Win,Jan Blachowicz KO Win
Don Frye,219 lbs.,Hidehiko Yoshida,LOSS,SUB,1.0,5:32,Submission,Hidehiko Yoshida Submission Win,Don Frye KO Win
Donald Cerrone,155 lbs.,Nate Diaz,LOSS,U-DEC ,3.0,5:00,Decision,Nate Diaz Decision Win,Donald Cerrone Decision Win
Dong Hyun Kim,170 lbs.,Erick Silva,WIN,KO/TKO ,2.0,3:01,KO,Dong Hyun Kim KO Win,Dong Hyun Kim Decision Win
Douglas Silva de Andrade,135 lbs.,Gaetano Pirrello,WIN,KO/TKO ,1.0,2:04,KO,Douglas Silva de Andrade KO Win,Douglas Silva de Andrade KO Win
Drew Dober,155 lbs.,Efrain Escudero,LOSS,SUB,1.0,0:54,Submission,Efrain Escudero Submission Win,Drew Dober Decision Win
Duane Ludwig,170 lbs.,Amir Sadollah,WIN,U-DEC,3.0,5:00,Decision,Duane Ludwig Decision Win,Duane Ludwig Decision Win
Dustin Hazelett,170 lbs.,Paul Daley,LOSS,KO/TKO,1.0,2:24,KO,Paul Daley KO Win,Paul Daley KO Win
Dustin Jacoby,205 lbs.,Da Woon Jung,WIN,KO/TKO ,1.0,3:13,KO,Dustin Jacoby KO Win,Dustin Jacoby Decision Win
Dustin Ortiz,125 lbs.,Hector Sandoval,WIN,KO/TKO ,1.0,0:15,KO,Dustin Ortiz KO Win,Hector Sandoval Decision Win
Dustin Poirier,155 lbs.,Conor McGregor,LOSS,KO/TKO,1.0,1:46,KO,Conor McGregor KO Win,Conor McGregor KO Win
Ed Herman,205 lbs.,Tim Credeur,WIN,KO/TKO,1.0,0:48,KO,Ed Herman KO Win,Tim Credeur KO Win
Eddie Alvarez,155 lbs.,Dustin Poirier,NC,CNC,2.0,4:02,Submission,Dustin Poirier Submission Win,Dustin Poirier KO Win
Eddie Wineland,135 lbs.,Rani Yahya,LOSS,SUB,1.0,1:07,Submission,Rani Yahya Submission Win,Rani Yahya Decision Win
Edson Barboza,145 lbs.,Terry Etim,WIN,KO/TKO ,3.0,2:02,KO,Edson Barboza KO Win,Edson Barboza Decision Win
Efrain Escudero,155 lbs.,Drew Dober,WIN,SUB,1.0,0:54,Submission,Efrain Escudero Submission Win,Drew Dober Decision Win
Elias Theodorou,185 lbs.,Trevor Smith,WIN,U-DEC,3.0,5:00,Decision,Elias Theodorou Decision Win,Elias Theodorou Decision Win
Elizeu Zaleski dos Santos,170 lbs.,Aleksei Kunchenko,WIN,U-DEC,3.0,5:00,Decision,Elizeu Zaleski dos Santos Decision Win,Elizeu Zaleski dos Santos Decision Win
Enrique Barzola,145 lbs.,Bobby Moffett,WIN,S-DEC,3.0,5:00,Decision,Enrique Barzola Decision Win,Enrique Barzola Decision Win
Erick Silva,170 lbs.,Nordine Taleb,LOSS,KO/TKO,2.0,1:34,KO,Nordine Taleb KO Win,Nordine Taleb Decision Win
Erik Koch,170 lbs.,Shane Campbell,WIN,SUB,2.0,3:02,Submission,Erik Koch Submission Win,Erik Koch KO Win
Eryk Anders,185 lbs.,Darren Stewart,WIN,U-DEC,3.0,5:00,Decision,Eryk Anders Decision Win,Darren Stewart Decision Win
Eugene Jackson,185 lbs.,Mike Seal,WIN,KO/TKO,2.0,2:49,KO,Eugene Jackson KO Win,Eugene Jackson KO Win
Evan Dunham,155 lbs.,Melvin Guillard,LOSS,KO/TKO,1.0,2:58,KO,Melvin Guillard KO Win,Evan Dunham Decision Win
Evan Tanner,185 lbs.,David Loiseau,LOSS,KO/TKO,2.0,4:15,KO,David Loiseau KO Win,David Loiseau KO Win
Fabio Maldonado,205 lbs.,Hans Stringer,WIN,KO/TKO ,2.0,4:06,KO,Fabio Maldonado KO Win,Fabio Maldonado KO Win
Fabricio Werdum,231 lbs.,Roman Zentsov,WIN,SUB,1.0,4:01,Submission,Fabricio Werdum Submission Win,Fabricio Werdum Submission Win
Fedor Emelianenko,230 lbs.,Antonio Rodrigo Nogueira,NC,CNC,1.0,3:52,Submission,Antonio Rodrigo Nogueira Submission Win,Fedor Emelianenko KO Win
Felice Herrig,115 lbs.,Michelle Waterson-Gomez,LOSS,U-DEC,3.0,5:00,Decision,Michelle Waterson-Gomez Decision Win,Felice Herrig Decision Win
Felipe Arantes,135 lbs.,Erik Perez,LOSS,S-DEC,3.0,5:00,Decision,Erik Perez Decision Win,Erik Perez Decision Win
Forrest Griffin,205 lbs.,Quinton Jackson,WIN,U-DEC ,5.0,5:00,Decision,Forrest Griffin Decision Win,Quinton Jackson KO Win
Francis Ngannou,250 lbs.,Junior Dos Santos,WIN,KO/TKO ,1.0,1:11,KO,Francis Ngannou KO Win,Francis Ngannou KO Win
Francisco Rivera,135 lbs.,John Lineker,LOSS,SUB ,1.0,2:08,Submission,John Lineker Submission Win,John Lineker Decision Win
Francisco Trinaldo,170 lbs.,Leandro Silva,WIN,U-DEC,3.0,5:00,Decision,Francisco Trinaldo Decision Win,Francisco Trinaldo Decision Win
Frank Mir,264 lbs.,Brandon Vera,LOSS,KO/TKO,1.0,1:09,KO,Brandon Vera KO Win,Brandon Vera KO Win
Frank Shamrock,185 lbs.,Phil Baroni,WIN,SUB,2.0,4:15,Submission,Frank Shamrock Submission Win,Frank Shamrock Submission Win
Frank Trigg,170 lbs.,Falaniko Vitale,WIN,U-DEC,3.0,5:00,Decision,Frank Trigg Decision Win,Frank Trigg KO Win
Frankie Edgar,135 lbs.,Benson Henderson,LOSS,S-DEC,5.0,5:00,Decision,Benson Henderson Decision Win,Benson Henderson Decision Win
Frankie Saenz,135 lbs.,Henry Briones,WIN,U-DEC,3.0,5:00,Decision,Frankie Saenz Decision Win,Frankie Saenz Decision Win
Gabriel Benitez,155 lbs.,Billy Quarantillo,LOSS,KO/TKO ,3.0,3:40,KO,Billy Quarantillo KO Win,Billy Quarantillo KO Win
Gabriel Gonzaga,242 lbs.,Fabiano Scherner,WIN,KO/TKO,2.0,0:24,KO,Gabriel Gonzaga KO Win,Gabriel Gonzaga KO Win
Gary Goodridge,249 lbs.,Naoya Ogawa,LOSS,SUB,2.0,0:36,Submission,Naoya Ogawa Submission Win,Naoya Ogawa Submission Win
Gegard Mousasi,185 lbs.,Hiroshi Izumi,WIN,KO/TKO,1.0,3:29,KO,Gegard Mousasi KO Win,Gegard Mousasi KO Win
Geoff Neal,170 lbs.,Santiago Ponzinibbio,WIN,S-DEC,3.0,5:00,Decision,Geoff Neal Decision Win,Geoff Neal KO Win
George Roop,135 lbs.,Francisco Rivera,LOSS,KO/TKO,2.0,2:20,KO,Francisco Rivera KO Win,George Roop Decision Win
George Sotiropoulos,155 lbs.,Rafael Dos Anjos,LOSS,KO/TKO,1.0,0:59,KO,Rafael Dos Anjos KO Win,Rafael Dos Anjos Decision Win
Georges St-Pierre,185 lbs.,Thomas Denny,WIN,KO/TKO,2.0,4:45,KO,Georges St-Pierre KO Win,Georges St-Pierre KO Win
Gerald Meerschaert,185 lbs.,Khamzat Chimaev,LOSS,KO/TKO,1.0,0:17,KO,Khamzat Chimaev KO Win,Khamzat Chimaev Submission Win
Germaine de Randamie,135 lbs.,Aspen Ladd,WIN,KO/TKO,1.0,0:16,KO,Germaine de Randamie KO Win,Germaine de Randamie Decision Win
Gian Villante,230 lbs.,Keith Berry,WIN,U-DEC,3.0,5:00,Decision,Gian Villante Decision Win,Gian Villante KO Win
Gilbert Burns,170 lbs.,Stephen Thompson,WIN,U-DEC,3.0,5:00,Decision,Gilbert Burns Decision Win,Gilbert Burns Decision Win
Gilbert Melendez,145 lbs.,Josh Thomson,LOSS,U-DEC,5.0,5:00,Decision,Josh Thomson Decision Win,Gilbert Melendez Decision Win
Gilbert Yvel,225 lbs.,Josh Barnett,LOSS,KO/TKO,3.0,3:05,KO,Josh Barnett KO Win,Josh Barnett KO Win
Gillian Robertson,115 lbs.,Priscila Cachoeira,WIN,SUB,1.0,4:59,Submission,Gillian Robertson Submission Win,Gillian Robertson Submission Win
Gleison Tibau,155 lbs.,Terry Etim,WIN,U-DEC,3.0,5:00,Decision,Gleison Tibau Decision Win,Gleison Tibau Decision Win
Glover Teixeira,205 lbs.,Jon Jones,LOSS,U-DEC,5.0,5:00,Decision,Jon Jones Decision Win,Jon Jones Decision Win
Godofredo Pepey,145 lbs.,Mike de la Torre,WIN,SUB,1.0,3:03,Submission,Godofredo Pepey Submission Win,Mike de la Torre Decision Win
Gray Maynard,155 lbs.,Fernando Bruno,WIN,U-DEC,3.0,5:00,Decision,Gray Maynard Decision Win,Gray Maynard Decision Win
Greg Hardy,265 lbs.,Marcin Tybura,LOSS,KO/TKO,2.0,4:31,KO,Marcin Tybura KO Win,Greg Hardy KO Win
Guido Cannetti,135 lbs.,Kris Moutinho,WIN,KO/TKO,1.0,2:07,KO,Guido Cannetti KO Win,Guido Cannetti KO Win
Gunnar Nelson,170 lbs.,Leon Edwards,LOSS,S-DEC,3.0,5:00,Decision,Leon Edwards Decision Win,Leon Edwards Decision Win
Guy Mezger,200 lbs.,Chuck Liddell,LOSS,KO/TKO,2.0,2:21,KO,Chuck Liddell KO Win,Chuck Liddell KO Win
Hayato Sakurai,168 lbs.,Olaf Alfonso,WIN,KO/TKO,1.0,1:54,KO,Hayato Sakurai KO Win,Hayato Sakurai KO Win
Heath Herring,250 lbs.,Enson Inoue,WIN,KO/TKO,1.0,4:52,KO,Heath Herring KO Win,Enson Inoue Submission Win
Hector Lombard,185 lbs.,Johny Hendricks,LOSS,U-DEC,3.0,5:00,Decision,Johny Hendricks Decision Win,Johny Hendricks Decision Win
Henry Cejudo,135 lbs.,TJ Dillashaw,WIN,KO/TKO ,1.0,0:32,KO,Henry Cejudo KO Win,Henry Cejudo Decision Win
Hermes Franca,155 lbs.,Frankie Edgar,LOSS,U-DEC ,3.0,5:00,Decision,Frankie Edgar Decision Win,Frankie Edgar Decision Win
Hidehiko Yoshida,225 lbs.,Mirko Filipovic,LOSS,KO/TKO,1.0,7:38,KO,Mirko Filipovic KO Win,Mirko Filipovic KO Win
Hideo Tokoro,135 lbs.,Atsushi Yamamoto,WIN,S-DEC,2.0,5:00,Decision,Hideo Tokoro Decision Win,Hideo Tokoro Decision Win
Hiroyuki Takaya,139 lbs.,Robert Peralta,LOSS,S-DEC,3.0,5:00,Decision,Robert Peralta Decision Win,Robert Peralta Decision Win
Holly Holm,135 lbs.,Raquel Pennington,WIN,U-DEC,3.0,5:00,Decision,Holly Holm Decision Win,Raquel Pennington Decision Win
Igor Pokrajac,205 lbs.,Rafael Cavalcante,LOSS,KO/TKO,1.0,1:18,KO,Rafael Cavalcante KO Win,Rafael Cavalcante KO Win
Igor Vovchanchyn,205 lbs.,Daijiro Matsui,WIN,KO/TKO,1.0,5:03,KO,Igor Vovchanchyn KO Win,Igor Vovchanchyn KO Win
Ikuhisa Minowa,181 lbs.,Ryan Gracie,LOSS,S-DEC,2.0,5:00,Decision,Ryan Gracie Decision Win,Ryan Gracie KO Win
Ilir Latifi,230 lbs.,Volkan Oezdemir,LOSS,KO/TKO,2.0,4:31,KO,Volkan Oezdemir KO Win,Volkan Oezdemir Decision Win
Ion Cutelaba,205 lbs.,Ryan Spann,LOSS,SUB,1.0,2:22,Submission,Ryan Spann Submission Win,Ryan Spann KO Win
Irene Aldana,135 lbs.,Holly Holm,LOSS,U-DEC,5.0,5:00,Decision,Holly Holm Decision Win,Holly Holm Decision Win
Islam Makhachev,155 lbs.,Dan Hooker,WIN,SUB,1.0,2:25,Submission,Islam Makhachev Submission Win,Islam Makhachev Decision Win
Israel Adesanya,185 lbs.,Robert Whittaker,WIN,U-DEC,5.0,5:00,Decision,Israel Adesanya Decision Win,Israel Adesanya Decision Win
Iuri Alcantara,135 lbs.,Brian Kelleher,LOSS,SUB,1.0,1:48,Submission,Brian Kelleher Submission Win,Iuri Alcantara Decision Win
Ivan Menjivar,145 lbs.,Urijah Faber,LOSS,SUB,1.0,4:34,Submission,Urijah Faber Submission Win,Urijah Faber Decision Win
JJ Aldrich,125 lbs.,Gillian Robertson,WIN,U-DEC,3.0,5:00,Decision,JJ Aldrich Decision Win,JJ Aldrich Decision Win
Jacare Souza,185 lbs.,Yushin Okami,WIN,KO/TKO,1.0,2:47,KO,Jacare Souza KO Win,Yushin Okami Decision Win
Jack Hermansson,185 lbs.,Edmen Shahbazyan,WIN,U-DEC,3.0,5:00,Decision,Jack Hermansson Decision Win,Edmen Shahbazyan KO Win
Jacob Volkmann,155 lbs.,Paul Sass,LOSS,SUB,1.0,1:54,Submission,Paul Sass Submission Win,Paul Sass Submission Win
Jairzinho Rozenstruik,242 lbs.,Curtis Blaydes,LOSS,U-DEC,3.0,5:00,Decision,Curtis Blaydes Decision Win,Jairzinho Rozenstruik KO Win
Jake Collier,230 lbs.,Chase Sherman,WIN,SUB ,1.0,2:26,Submission,Jake Collier Submission Win,Jake Collier Decision Win
Jake Ellenberger,170 lbs.,Jake Shields,WIN,KO/TKO ,1.0,0:53,KO,Jake Ellenberger KO Win,Jake Shields Decision Win
Jake Matthews,170 lbs.,Diego Sanchez,WIN,U-DEC,3.0,5:00,Decision,Jake Matthews Decision Win,Jake Matthews Decision Win
Jake Shields,170 lbs.,Ed Herman,NC,Overturned,3.0,5:00,Submission,Ed Herman Submission Win,Jake Shields Decision Win
Jalin Turner,155 lbs.,Jamie Mullarkey,WIN,KO/TKO,2.0,0:46,KO,Jalin Turner KO Win,Jamie Mullarkey Decision Win
James Irvin,205 lbs.,Anderson Silva,LOSS,KO/TKO,1.0,1:01,KO,Anderson Silva KO Win,Anderson Silva KO Win
James Krause,170 lbs.,Warlley Alves,WIN,KO/TKO,2.0,2:28,KO,James Krause KO Win,James Krause Decision Win
James Te Huna,185 lbs.,Mauricio Rua,LOSS,KO/TKO,1.0,1:03,KO,Mauricio Rua KO Win,Mauricio Rua KO Win
James Terry,170 lbs.,Magno Almeida,WIN,KO/TKO,1.0,3:21,KO,James Terry KO Win,James Terry KO Win
James Thompson,265 lbs.,Kevin Ferguson,LOSS,KO/TKO,3.0,0:38,KO,Kevin Ferguson KO Win,James Thompson KO Win
James Vick,155 lbs.,Justin Gaethje,LOSS,KO/TKO,1.0,1:27,KO,Justin Gaethje KO Win,Justin Gaethje KO Win
Jamie Pickett,185 lbs.,Kyle Daukaus,LOSS,SUB,1.0,4:59,Submission,Kyle Daukaus Submission Win,Kyle Daukaus Decision Win
Jamie Varner,155 lbs.,Gleison Tibau,LOSS,S-DEC,3.0,5:00,Decision,Gleison Tibau Decision Win,Gleison Tibau Submission Win
Jan Blachowicz,205 lbs.,Israel Adesanya,WIN,U-DEC,5.0,5:00,Decision,Jan Blachowicz Decision Win,Israel Adesanya Decision Win
Jared Cannonier,185 lbs.,Kelvin Gastelum,WIN,U-DEC,5.0,5:00,Decision,Jared Cannonier Decision Win,Kelvin Gastelum Decision Win
Jared Gordon,155 lbs.,Grant Dawson,LOSS,SUB,3.0,4:11,Submission,Grant Dawson Submission Win,Grant Dawson Submission Win
Jason High,155 lbs.,James Head,WIN,SUB,1.0,1:41,Submission,Jason High Submission Win,Jason High Submission Win
Jason MacDonald,185 lbs.,John Salter,LOSS,KO/TKO,1.0,2:42,KO,John Salter KO Win,John Salter KO Win
Jason Miller,185 lbs.,Kazushi Sakuraba,WIN,SUB,1.0,2:09,Submission,Jason Miller Submission Win,Kazushi Sakuraba Decision Win
Jeff Curran,135 lbs.,Dustin Neace,WIN,SUB,1.0,1:39,Submission,Jeff Curran Submission Win,Jeff Curran Submission Win
Jeff Monson,247 lbs.,Sergei Kharitonov,WIN,SUB,1.0,1:42,Submission,Jeff Monson Submission Win,Sergei Kharitonov KO Win
Jennifer Maia,125 lbs.,Manon Fiorot,LOSS,U-DEC,3.0,5:00,Decision,Manon Fiorot Decision Win,Manon Fiorot Decision Win
Jens Pulver,145 lbs.,Leonard Garcia,LOSS,KO/TKO,1.0,1:12,KO,Leonard Garcia KO Win,Jens Pulver Decision Win
Jeremy Horn,185 lbs.,Chael Sonnen,WIN,SUB,2.0,1:17,Submission,Jeremy Horn Submission Win,Chael Sonnen Decision Win
Jeremy Stephens,145 lbs.,Charles Oliveira,LOSS,U-DEC,3.0,5:00,Decision,Charles Oliveira Decision Win,Charles Oliveira Submission Win
Jessica Andrade,115 lbs.,Raquel Pennington,WIN,S-DEC,3.0,5:00,Decision,Jessica Andrade Decision Win,Raquel Pennington Decision Win
Jessica Eye,125 lbs.,Cynthia Calvillo,LOSS,U-DEC,5.0,5:00,Decision,Cynthia Calvillo Decision Win,Cynthia Calvillo Decision Win
Jessica Penne,115 lbs.,Karolina Kowalkiewicz,WIN,SUB ,1.0,4:32,Submission,Jessica Penne Submission Win,Karolina Kowalkiewicz Decision Win
Jim Miller,155 lbs.,Erick Gonzalez,WIN,KO/TKO ,2.0,0:14,KO,Jim Miller KO Win,Jim Miller KO Win
Jimi Manuwa,205 lbs.,Jan Blachowicz,LOSS,U-DEC ,3.0,5:00,Decision,Jan Blachowicz Decision Win,Jan Blachowicz KO Win
Jimmie Rivera,135 lbs.,Petr Yan,LOSS,U-DEC,3.0,5:00,Decision,Petr Yan Decision Win,Jimmie Rivera Decision Win
Joachim Hansen,150 lbs.,Hiroyuki Takaya,LOSS,KO/TKO,1.0,4:27,KO,Hiroyuki Takaya KO Win,Hiroyuki Takaya Decision Win
Joanna Jedrzejczyk,115 lbs.,Valentina Shevchenko,LOSS,U-DEC,5.0,5:00,Decision,Valentina Shevchenko Decision Win,Joanna Jedrzejczyk Decision Win
Joanne Wood,125 lbs.,Lauren Murphy,LOSS,S-DEC,3.0,5:00,Decision,Lauren Murphy Decision Win,Joanne Wood Decision Win
Joe Doerksen,185 lbs.,Tom Lawlor,WIN,SUB,2.0,2:10,Submission,Joe Doerksen Submission Win,Tom Lawlor KO Win
Joe Lauzon,155 lbs.,Curt Warburton,WIN,SUB ,1.0,1:58,Submission,Joe Lauzon Submission Win,Curt Warburton Decision Win
Joe Riggs,185 lbs.,Ben Saunders,LOSS,SUB,1.0,0:57,Submission,Ben Saunders Submission Win,Joe Riggs KO Win
Joe Stevenson,145 lbs.,Jeremy Jackson,WIN,KO/TKO,1.0,1:27,KO,Joe Stevenson KO Win,Joe Stevenson Submission Win
Joey Beltran,185 lbs.,James Te Huna,LOSS,U-DEC ,3.0,5:00,Decision,James Te Huna Decision Win,James Te Huna Decision Win
John Alessio,155 lbs.,Andre Galvao,LOSS,SUB,1.0,7:34,Submission,Andre Galvao Submission Win,Andre Galvao Decision Win
John Dodson,135 lbs.,Jimmie Rivera,LOSS,U-DEC,3.0,5:00,Decision,Jimmie Rivera Decision Win,Jimmie Rivera Decision Win
John Howard,170 lbs.,Brian Ebersole,LOSS,S-DEC,3.0,5:00,Decision,Brian Ebersole Decision Win,Brian Ebersole Decision Win
John Lineker,135 lbs.,TJ Dillashaw,LOSS,U-DEC,3.0,5:00,Decision,TJ Dillashaw Decision Win,John Lineker KO Win
John Makdessi,155 lbs.,Jesus Pinedo,WIN,U-DEC,3.0,5:00,Decision,John Makdessi Decision Win,John Makdessi Decision Win
John Moraga,125 lbs.,Ashkan Mokhtarian,WIN,U-DEC,3.0,5:00,Decision,John Moraga Decision Win,John Moraga Decision Win
Johnny Walker,205 lbs.,Jamahal Hill,LOSS,KO/TKO,1.0,2:55,KO,Jamahal Hill KO Win,Jamahal Hill KO Win
Johny Hendricks,185 lbs.,Amir Sadollah,WIN,KO/TKO,1.0,0:29,KO,Johny Hendricks KO Win,Johny Hendricks Decision Win
Jon Fitch,170 lbs.,BJ Penn,DRAW,M-DEC,3.0,5:00,Decision,BJ Penn Decision Win,Jon Fitch Decision Win
Jon Jones,205 lbs.,Jake O'Brien,WIN,SUB,2.0,2:43,Submission,Jon Jones Submission Win,Jon Jones Submission Win
Jonathan Martinez,135 lbs.,Vince Morales,WIN,U-DEC,3.0,5:00,Decision,Jonathan Martinez Decision Win,Jonathan Martinez Decision Win
Jordan Mein,170 lbs.,Belal Muhammad,LOSS,U-DEC,3.0,5:00,Decision,Belal Muhammad Decision Win,Belal Muhammad Decision Win
Jorge Gurgel,155 lbs.,Billy Vaughan,WIN,SUB,1.0,0:44,Submission,Jorge Gurgel Submission Win,Jorge Gurgel Submission Win
Jorge Masvidal,170 lbs.,KJ Noons,WIN,U-DEC,3.0,5:00,Decision,Jorge Masvidal Decision Win,KJ Noons Decision Win
Jorge Rivera,185 lbs.,Nate Quarry,WIN,KO/TKO,2.0,0:29,KO,Jorge Rivera KO Win,Nate Quarry KO Win
Jose Aldo,135 lbs.,Chris Mickle,WIN,KO/TKO,1.0,1:39,KO,Jose Aldo KO Win,Jose Aldo KO Win
Joseph Benavidez,125 lbs.,Jussier Formiga,WIN,KO/TKO,1.0,3:07,KO,Joseph Benavidez KO Win,Joseph Benavidez Decision Win
Josh Barnett,250 lbs.,Hidehiko Yoshida,WIN,SUB,3.0,3:23,Submission,Josh Barnett Submission Win,Hidehiko Yoshida Submission Win
Josh Emmett,145 lbs.,Dan Ige,WIN,U-DEC,3.0,5:00,Decision,Josh Emmett Decision Win,Josh Emmett Decision Win
Josh Koscheck,170 lbs.,Chris Lytle,WIN,U-DEC,3.0,5:00,Decision,Josh Koscheck Decision Win,Josh Koscheck Decision Win
Josh Neer,170 lbs.,Duane Ludwig,WIN,SUB,1.0,3:04,Submission,Josh Neer Submission Win,Duane Ludwig Decision Win
Josh Thomson,155 lbs.,Hermes Franca,WIN,M-DEC,3.0,5:00,Decision,Josh Thomson Decision Win,Josh Thomson Decision Win
Joshua Burkman,170 lbs.,Zak Ottow,LOSS,S-DEC,3.0,5:00,Decision,Zak Ottow Decision Win,Zak Ottow Decision Win
Julian Erosa,145 lbs.,Steven Peterson,WIN,S-DEC ,3.0,5:00,Decision,Julian Erosa Decision Win,Julian Erosa Decision Win
Julianna Pena,135 lbs.,Sara McMann,WIN,SUB,3.0,3:39,Submission,Julianna Pena Submission Win,Sara McMann Decision Win
Julio Arce,135 lbs.,Song Yadong,LOSS,KO/TKO,2.0,1:35,KO,Song Yadong KO Win,Song Yadong Decision Win
Junior Dos Santos,238 lbs.,Mirko Filipovic,WIN,KO/TKO,3.0,2:00,KO,Junior Dos Santos KO Win,Mirko Filipovic KO Win
Jussier Formiga,125 lbs.,Deiveson Figueiredo,WIN,U-DEC,3.0,5:00,Decision,Jussier Formiga Decision Win,Deiveson Figueiredo KO Win
Justin Gaethje,155 lbs.,Michael Chandler,WIN,U-DEC ,3.0,5:00,Decision,Justin Gaethje Decision Win,Justin Gaethje KO Win
KJ Noons,155 lbs.,Ryan Couture,LOSS,S-DEC,3.0,5:00,Decision,Ryan Couture Decision Win,Ryan Couture Decision Win
Kai Kara-France,125 lbs.,Cody Garbrandt,WIN,KO/TKO ,1.0,3:21,KO,Kai Kara-France KO Win,Kai Kara-France Decision Win
Kamaru Usman,170 lbs.,Jorge Masvidal,WIN,KO/TKO ,2.0,1:02,KO,Kamaru Usman KO Win,Kamaru Usman Decision Win
Karl Roberson,205 lbs.,Brendan Allen,LOSS,SUB,1.0,4:55,Submission,Brendan Allen Submission Win,Brendan Allen Submission Win
Karo Parisyan,170 lbs.,Thiago Alves,LOSS,KO/TKO,2.0,0:24,KO,Thiago Alves KO Win,Karo Parisyan Decision Win
Karolina Kowalkiewicz,115 lbs.,Yan Xiaonan,LOSS,U-DEC,3.0,5:00,Decision,Yan Xiaonan Decision Win,Yan Xiaonan Decision Win
Katlyn Chookagian,125 lbs.,Viviane Araujo,WIN,U-DEC,3.0,5:00,Decision,Katlyn Chookagian Decision Win,Katlyn Chookagian Decision Win
Katsunori Kikuno,145 lbs.,Sam Sicilia,WIN,SUB,2.0,1:38,Submission,Katsunori Kikuno Submission Win,Sam Sicilia KO Win
Kazuhiro Nakamura,205 lbs.,Murilo Bustamante,WIN,U-DEC,3.0,5:00,Decision,Kazuhiro Nakamura Decision Win,Kazuhiro Nakamura Decision Win
Kazuo Misaki,183 lbs.,Joe Riggs,WIN,KO/TKO,2.0,2:29,KO,Kazuo Misaki KO Win,Kazuo Misaki Decision Win
Kazushi Sakuraba,185 lbs.,Ralek Gracie,LOSS,U-DEC,3.0,5:00,Decision,Ralek Gracie Decision Win,Ralek Gracie Decision Win
Kazuyuki Fujita,235 lbs.,Wanderlei Silva,LOSS,KO/TKO,1.0,9:21,KO,Wanderlei Silva KO Win,Wanderlei Silva KO Win
Keita Nakamura,170 lbs.,Anthony Rocco Martin,LOSS,U-DEC,3.0,5:00,Decision,Anthony Rocco Martin Decision Win,Anthony Rocco Martin Decision Win
Keith Jardine,185 lbs.,Matt Hamill,LOSS,M-DEC ,3.0,5:00,Decision,Matt Hamill Decision Win,Matt Hamill KO Win
Kelvin Gastelum,185 lbs.,Tyron Woodley,LOSS,S-DEC,3.0,5:00,Decision,Tyron Woodley Decision Win,Tyron Woodley Decision Win
Ken Shamrock,205 lbs.,Rich Franklin,LOSS,KO/TKO,1.0,2:42,KO,Rich Franklin KO Win,Rich Franklin KO Win
Kendall Grove,185 lbs.,Goran Reljic,WIN,S-DEC,3.0,5:00,Decision,Kendall Grove Decision Win,Kendall Grove Decision Win
Kennedy Nzechukwu,205 lbs.,Nicolae Negumereanu,LOSS,S-DEC,3.0,5:00,Decision,Nicolae Negumereanu Decision Win,Kennedy Nzechukwu KO Win
Kenny Florian,145 lbs.,Joe Stevenson,WIN,SUB,1.0,4:03,Submission,Kenny Florian Submission Win,Kenny Florian Submission Win
Ketlen Vieira,135 lbs.,Miesha Tate,WIN,U-DEC,5.0,5:00,Decision,Ketlen Vieira Decision Win,Ketlen Vieira Decision Win
Kevin Holland,170 lbs.,Tim Means,WIN,SUB ,2.0,1:28,Submission,Kevin Holland Submission Win,Kevin Holland Decision Win
Kevin Lee,170 lbs.,Tony Ferguson,LOSS,SUB,3.0,4:02,Submission,Tony Ferguson Submission Win,Tony Ferguson Submission Win
Kevin Randleman,205 lbs.,Kazuhiro Nakamura,LOSS,U-DEC,3.0,5:00,Decision,Kazuhiro Nakamura Decision Win,Kevin Randleman Decision Win
Khabib Nurmagomedov,155 lbs.,Conor McGregor,WIN,SUB,4.0,3:03,Submission,Khabib Nurmagomedov Submission Win,Conor McGregor KO Win
Khalil Rountree Jr.,205 lbs.,Modestas Bukauskas,WIN,KO/TKO,2.0,2:30,KO,Khalil Rountree Jr. KO Win,Khalil Rountree Jr. KO Win
Kiyoshi Tamura,185 lbs.,Ikuhisa Minowa,WIN,KO/TKO,1.0,1:18,KO,Kiyoshi Tamura KO Win,Ikuhisa Minowa Submission Win
Krzysztof Jotko,185 lbs.,Sean Strickland,LOSS,U-DEC,3.0,5:00,Decision,Sean Strickland Decision Win,Krzysztof Jotko Decision Win
Krzysztof Soszynski,205 lbs.,Goran Reljic,WIN,U-DEC,3.0,5:00,Decision,Krzysztof Soszynski Decision Win,Krzysztof Soszynski Decision Win
Kurt Pellegrino,155 lbs.,Fabricio Camoes,WIN,SUB ,2.0,4:20,Submission,Kurt Pellegrino Submission Win,Kurt Pellegrino Submission Win
Kyle Noke,170 lbs.,Alex Morono,LOSS,S-DEC,3.0,5:00,Decision,Alex Morono Decision Win,Alex Morono Decision Win
Kyung Ho Kang,135 lbs.,Pingyuan Liu,WIN,S-DEC,3.0,5:00,Decision,Kyung Ho Kang Decision Win,Pingyuan Liu Decision Win
Lando Vannata,155 lbs.,Mike Grundy,WIN,S-DEC,3.0,5:00,Decision,Lando Vannata Decision Win,Lando Vannata Decision Win
Lauren Murphy,125 lbs.,Joanne Wood,WIN,S-DEC,3.0,5:00,Decision,Lauren Murphy Decision Win,Joanne Wood Decision Win
Leon Edwards,170 lbs.,Belal Muhammad,NC,CNC,2.0,0:18,Submission,Belal Muhammad Submission Win,Leon Edwards Decision Win
Leonard Garcia,145 lbs.,Nam Phan,LOSS,U-DEC ,3.0,5:00,Decision,Nam Phan Decision Win,Leonard Garcia Decision Win
Leonardo Santos,155 lbs.,Grant Dawson,LOSS,KO/TKO,3.0,4:59,KO,Grant Dawson KO Win,Grant Dawson Submission Win
Li Jingliang,170 lbs.,Santiago Ponzinibbio,WIN,KO/TKO ,1.0,4:25,KO,Li Jingliang KO Win,Li Jingliang KO Win
Lina Lansberg,135 lbs.,Pannie Kianzad,LOSS,U-DEC,3.0,5:00,Decision,Pannie Kianzad Decision Win,Pannie Kianzad Decision Win
Liz Carmouche,125 lbs.,Alexis Davis,LOSS,S-DEC,3.0,5:00,Decision,Alexis Davis Decision Win,Alexis Davis Decision Win
Lorenz Larkin,170 lbs.,Santiago Ponzinibbio,WIN,KO/TKO ,2.0,3:07,KO,Lorenz Larkin KO Win,Santiago Ponzinibbio Decision Win
Louis Smolka,135 lbs.,Casey Kenney,LOSS,SUB,1.0,3:03,Submission,Casey Kenney Submission Win,Casey Kenney Decision Win
Luke Rockhold,185 lbs.,David Branch,WIN,KO/TKO,2.0,4:05,KO,Luke Rockhold KO Win,Luke Rockhold KO Win
Lyoto Machida,185 lbs.,Sam Greco,WIN,S-DEC,3.0,5:00,Decision,Lyoto Machida Decision Win,Lyoto Machida Decision Win
Mac Danzig,155 lbs.,Efrain Escudero,WIN,U-DEC,3.0,5:00,Decision,Mac Danzig Decision Win,Efrain Escudero Decision Win
Mackenzie Dern,115 lbs.,Marina Rodriguez,LOSS,U-DEC ,5.0,5:00,Decision,Marina Rodriguez Decision Win,Marina Rodriguez Decision Win
Magomed Ankalaev,205 lbs.,Thiago Santos,WIN,U-DEC,5.0,5:00,Decision,Magomed Ankalaev Decision Win,Magomed Ankalaev KO Win
Makwan Amirkhani,145 lbs.,Lerone Murphy,LOSS,KO/TKO,2.0,0:14,KO,Lerone Murphy KO Win,Lerone Murphy Decision Win
Manvel Gamburyan,135 lbs.,Cody Gibson,WIN,SUB,2.0,4:56,Submission,Manvel Gamburyan Submission Win,Manvel Gamburyan Decision Win
Marc Diakiese,155 lbs.,Viacheslav Borshchev,WIN,U-DEC,3.0,5:00,Decision,Marc Diakiese Decision Win,Marc Diakiese Decision Win
Marc-Andre Barriault,185 lbs.,Jordan Wright,WIN,SUB,1.0,2:36,Submission,Marc-Andre Barriault Submission Win,Marc-Andre Barriault KO Win
Marcin Tybura,249 lbs.,Walt Harris,WIN,KO/TKO ,1.0,4:06,KO,Marcin Tybura KO Win,Marcin Tybura Decision Win
Marcos Rogerio de Lima,253 lbs.,Maurice Greene,WIN,U-DEC,3.0,5:00,Decision,Marcos Rogerio de Lima Decision Win,Maurice Greene Submission Win
Marcus Aurelio,155 lbs.,Hermes Franca,LOSS,U-DEC,3.0,5:00,Decision,Hermes Franca Decision Win,Hermes Franca Decision Win
Marcus Davis,170 lbs.,Ben Saunders,LOSS,KO/TKO,1.0,3:24,KO,Ben Saunders KO Win,Marcus Davis KO Win
Marina Rodriguez,115 lbs.,Mackenzie Dern,WIN,U-DEC ,5.0,5:00,Decision,Marina Rodriguez Decision Win,Marina Rodriguez Decision Win
Marion Reneau,135 lbs.,Raquel Pennington,LOSS,U-DEC,3.0,5:00,Decision,Raquel Pennington Decision Win,Raquel Pennington Decision Win
Mark Bocek,155 lbs.,John Alessio,WIN,U-DEC,3.0,5:00,Decision,Mark Bocek Decision Win,Mark Bocek Decision Win
Mark Coleman,205 lbs.,Pete Williams,LOSS,KO/TKO,2.0,0:38,KO,Pete Williams KO Win,Mark Coleman KO Win
Mark Hominick,145 lbs.,Chan Sung Jung,LOSS,KO/TKO,1.0,0:07,KO,Chan Sung Jung KO Win,Mark Hominick KO Win
Mark Hunt,265 lbs.,Cheick Kongo,WIN,KO/TKO,1.0,2:11,KO,Mark Hunt KO Win,Cheick Kongo KO Win
Mark Kerr,266 lbs.,Igor Vovchanchyn,LOSS,U-DEC,2.0,10:00,Decision,Igor Vovchanchyn Decision Win,Igor Vovchanchyn KO Win
Mark Munoz,185 lbs.,Lyoto Machida,LOSS,KO/TKO,1.0,3:10,KO,Lyoto Machida KO Win,Mark Munoz KO Win
Marlon Moraes,135 lbs.,Rob Font,LOSS,KO/TKO,1.0,3:47,KO,Rob Font KO Win,Rob Font KO Win
Marlon Vera,135 lbs.,Brian Kelleher,WIN,SUB,1.0,2:18,Submission,Marlon Vera Submission Win,Brian Kelleher Decision Win
Martin Kampmann,170 lbs.,Jake Shields,LOSS,S-DEC,3.0,5:00,Decision,Jake Shields Decision Win,Jake Shields Decision Win
Marvin Vettori,185 lbs.,Israel Adesanya,LOSS,U-DEC,5.0,5:00,Decision,Israel Adesanya Decision Win,Israel Adesanya Decision Win
Maryna Moroz,125 lbs.,Mayra Bueno Silva,WIN,U-DEC ,3.0,5:00,Decision,Maryna Moroz Decision Win,Mayra Bueno Silva Submission Win
Matt Brown,170 lbs.,Jordan Mein,WIN,KO/TKO ,2.0,1:00,KO,Matt Brown KO Win,Matt Brown KO Win
Matt Hamill,205 lbs.,Quinton Jackson,LOSS,U-DEC,3.0,5:00,Decision,Quinton Jackson Decision Win,Quinton Jackson KO Win
Matt Hughes,170 lbs.,Renato Verissimo,WIN,U-DEC,3.0,5:00,Decision,Matt Hughes Decision Win,Matt Hughes KO Win
Matt Lindland,185 lbs.,Vitor Belfort,LOSS,KO/TKO,1.0,0:37,KO,Vitor Belfort KO Win,Vitor Belfort KO Win
Matt Mitrione,265 lbs.,Derrick Lewis,WIN,KO/TKO,1.0,0:41,KO,Matt Mitrione KO Win,Matt Mitrione KO Win
Matt Schnell,125 lbs.,Brandon Royval,LOSS,SUB ,1.0,2:14,Submission,Brandon Royval Submission Win,Brandon Royval KO Win
Matt Serra,170 lbs.,Georges St-Pierre,LOSS,KO/TKO,2.0,4:45,KO,Georges St-Pierre KO Win,Georges St-Pierre Decision Win
Matt Wiman,155 lbs.,Mac Danzig,WIN,U-DEC ,3.0,5:00,Decision,Matt Wiman Decision Win,Matt Wiman Decision Win
Matthew Riddle,170 lbs.,Chris Clements,NC,Overturned ,3.0,2:02,Submission,Chris Clements Submission Win,Matthew Riddle Decision Win
Mauricio Rua,205 lbs.,Rogerio Nogueira,WIN,S-DEC,3.0,5:00,Decision,Mauricio Rua Decision Win,Mauricio Rua KO Win
Max Griffin,170 lbs.,Song Kenan,WIN,KO/TKO ,1.0,2:20,KO,Max Griffin KO Win,Song Kenan Decision Win
Max Holloway,145 lbs.,Akira Corassani,WIN,KO/TKO ,1.0,3:11,KO,Max Holloway KO Win,Max Holloway KO Win
Maximo Blanco,145 lbs.,Mike de la Torre,WIN,KO/TKO,1.0,0:16,KO,Maximo Blanco KO Win,Maximo Blanco Decision Win
Maycee Barber,125 lbs.,Montana De La Rosa,WIN,U-DEC,3.0,5:00,Decision,Maycee Barber Decision Win,Maycee Barber Decision Win
Melvin Guillard,155 lbs.,Rick Davis,WIN,KO/TKO,1.0,1:37,KO,Melvin Guillard KO Win,Melvin Guillard KO Win
Melvin Manhoef,185 lbs.,Tatsuya Mizuno,LOSS,SUB,1.0,7:38,Submission,Tatsuya Mizuno Submission Win,Melvin Manhoef KO Win
Merab Dvalishvili,135 lbs.,Marlon Moraes,WIN,KO/TKO ,2.0,4:25,KO,Merab Dvalishvili KO Win,Merab Dvalishvili Decision Win
Michael Bisping,185 lbs.,Eric Schafer,WIN,KO/TKO,1.0,4:24,KO,Michael Bisping KO Win,Michael Bisping KO Win
Michael Chiesa,170 lbs.,Rafael Dos Anjos,WIN,U-DEC,3.0,5:00,Decision,Michael Chiesa Decision Win,Michael Chiesa Decision Win
Michael Johnson,155 lbs.,Gleison Tibau,WIN,KO/TKO,2.0,1:32,KO,Michael Johnson KO Win,Gleison Tibau Decision Win
Michael McDonald,135 lbs.,Masanori Kanehara,WIN,SUB ,2.0,2:09,Submission,Michael McDonald Submission Win,Masanori Kanehara Decision Win
Michal Oleksiejczuk,185 lbs.,Dustin Jacoby,LOSS,U-DEC,3.0,5:00,Decision,Dustin Jacoby Decision Win,Michal Oleksiejczuk KO Win
Michel Prazeres,170 lbs.,Zak Cummings,WIN,S-DEC,3.0,5:00,Decision,Michel Prazeres Decision Win,Michel Prazeres Decision Win
Michelle Waterson-Gomez,115 lbs.,Angela Hill,WIN,S-DEC ,5.0,5:00,Decision,Michelle Waterson-Gomez Decision Win,Angela Hill Decision Win
Michihiro Omigawa,145 lbs.,Iuri Alcantara,LOSS,U-DEC,3.0,5:00,Decision,Iuri Alcantara Decision Win,Iuri Alcantara Decision Win
Mickey Gall,170 lbs.,Jordan Williams,WIN,SUB,1.0,2:57,Submission,Mickey Gall Submission Win,Mickey Gall Submission Win
Miesha Tate,125 lbs.,Raquel Pennington,LOSS,U-DEC,3.0,5:00,Decision,Raquel Pennington Decision Win,Raquel Pennington Decision Win
Miguel Torres,135 lbs.,Demetrious Johnson,LOSS,U-DEC,3.0,5:00,Decision,Demetrious Johnson Decision Win,Demetrious Johnson Decision Win
Mike Brown,145 lbs.,Rani Yahya,LOSS,U-DEC,3.0,5:00,Decision,Rani Yahya Decision Win,Mike Brown Decision Win
Mike Kyle,205 lbs.,Marcos Rogerio de Lima,WIN,U-DEC,3.0,5:00,Decision,Mike Kyle Decision Win,Marcos Rogerio de Lima KO Win
Mike Perry,170 lbs.,Geoff Neal,LOSS,KO/TKO,1.0,1:30,KO,Geoff Neal KO Win,Geoff Neal Decision Win
Mike Pierce,170 lbs.,Seth Baczynski,WIN,U-DEC,3.0,5:00,Decision,Mike Pierce Decision Win,Mike Pierce KO Win
Mike Pyle,170 lbs.,Ricardo Almeida,WIN,U-DEC,3.0,5:00,Decision,Mike Pyle Decision Win,Ricardo Almeida Decision Win
Mike Swick,170 lbs.,Jonathan Goulet,WIN,KO/TKO,1.0,0:33,KO,Mike Swick KO Win,Mike Swick KO Win
Mirko Filipovic,230 lbs.,Frank Mir,LOSS,KO/TKO,3.0,4:02,KO,Frank Mir KO Win,Mirko Filipovic KO Win
Mirsad Bektic,145 lbs.,Josh Emmett,LOSS,KO/TKO,1.0,4:25,KO,Josh Emmett KO Win,Josh Emmett Decision Win
Misha Cirkunov,205 lbs.,Krzysztof Jotko,LOSS,S-DEC,3.0,5:00,Decision,Krzysztof Jotko Decision Win,Krzysztof Jotko Decision Win
Mitsuhiro Ishida,154 lbs.,Gilbert Melendez,LOSS,KO/TKO,3.0,3:56,KO,Gilbert Melendez KO Win,Mitsuhiro Ishida Decision Win
Molly McCann,125 lbs.,Luana Carolina,WIN,KO/TKO ,3.0,1:52,KO,Molly McCann KO Win,Luana Carolina Decision Win
Montana De La Rosa,125 lbs.,Ariane Lipski,WIN,KO/TKO,2.0,4:27,KO,Montana De La Rosa KO Win,Ariane Lipski Decision Win
Muhammed Lawal,205 lbs.,Rafael Cavalcante,LOSS,KO/TKO,3.0,1:14,KO,Rafael Cavalcante KO Win,Muhammed Lawal KO Win
Murilo Bustamante,183 lbs.,Dan Henderson,LOSS,S-DEC,2.0,5:00,Decision,Dan Henderson Decision Win,Dan Henderson Decision Win
Murilo Rua,185 lbs.,Paulo Filho,LOSS,U-DEC,2.0,5:00,Decision,Paulo Filho Decision Win,Paulo Filho Submission Win
Myles Jury,145 lbs.,Ricky Glenn,WIN,U-DEC,3.0,5:00,Decision,Myles Jury Decision Win,Myles Jury Decision Win
Nam Phan,135 lbs.,Dennis Siver,LOSS,U-DEC,3.0,5:00,Decision,Dennis Siver Decision Win,Dennis Siver Decision Win
Nasrat Haqparast,155 lbs.,Dan Hooker,LOSS,U-DEC,3.0,5:00,Decision,Dan Hooker Decision Win,Nasrat Haqparast Decision Win
Nate Diaz,170 lbs.,Hermes Franca,LOSS,SUB,2.0,2:46,Submission,Hermes Franca Submission Win,Hermes Franca Decision Win
Nate Marquardt,185 lbs.,Demian Maia,WIN,KO/TKO ,1.0,0:21,KO,Nate Marquardt KO Win,Demian Maia Decision Win
Nate Quarry,185 lbs.,Jason MacDonald,WIN,KO/TKO,1.0,2:27,KO,Nate Quarry KO Win,Nate Quarry KO Win
Neil Magny,170 lbs.,Lorenz Larkin,LOSS,KO/TKO,1.0,4:08,KO,Lorenz Larkin KO Win,Neil Magny Decision Win
Nick Diaz,170 lbs.,Katsuya Inoue,WIN,KO/TKO,1.0,6:45,KO,Nick Diaz KO Win,Nick Diaz KO Win
Nicolas Dalby,170 lbs.,Tim Means,LOSS,U-DEC,3.0,5:00,Decision,Tim Means Decision Win,Nicolas Dalby Decision Win
Nik Lentz,145 lbs.,Diego Nunes,WIN,U-DEC,3.0,5:00,Decision,Nik Lentz Decision Win,Diego Nunes Decision Win
Nikita Krylov,205 lbs.,Glover Teixeira,LOSS,S-DEC,3.0,5:00,Decision,Glover Teixeira Decision Win,Glover Teixeira Submission Win
Niko Price,170 lbs.,Donald Cerrone,NC,Overturned,3.0,5:00,Submission,Donald Cerrone Submission Win,Donald Cerrone KO Win
Nordine Taleb,170 lbs.,Sean Strickland,LOSS,KO/TKO,2.0,3:10,KO,Sean Strickland KO Win,Nordine Taleb Decision Win
Oleg Taktarov,210 lbs.,Marco Ruas,WIN,U-DEC,1.0,18:00,Decision,Oleg Taktarov Decision Win,Oleg Taktarov Submission Win
Olivier Aubin-Mercier,155 lbs.,Alexander Hernandez,LOSS,U-DEC,3.0,5:00,Decision,Alexander Hernandez Decision Win,Alexander Hernandez Decision Win
Omari Akhmedov,185 lbs.,Ian Heinisch,WIN,U-DEC,3.0,5:00,Decision,Omari Akhmedov Decision Win,Omari Akhmedov Decision Win
Ovince Saint Preux,205 lbs.,Volkan Oezdemir,LOSS,S-DEC,3.0,5:00,Decision,Volkan Oezdemir Decision Win,Ovince Saint Preux KO Win
Pat Barry,235 lbs.,Shane del Rosario,WIN,KO/TKO ,2.0,0:26,KO,Pat Barry KO Win,Pat Barry KO Win
Pat Healy,155 lbs.,Khabib Nurmagomedov,LOSS,U-DEC,3.0,5:00,Decision,Khabib Nurmagomedov Decision Win,Khabib Nurmagomedov Decision Win
Pat Miletich,170 lbs.,Carlos Newton,LOSS,SUB,3.0,2:50,Submission,Carlos Newton Submission Win,Pat Miletich Decision Win
Patrick Cote,170 lbs.,Ricardo Almeida,WIN,S-DEC,3.0,5:00,Decision,Patrick Cote Decision Win,Ricardo Almeida Decision Win
Patrick Cummins,205 lbs.,Gian Villante,WIN,S-DEC,3.0,5:00,Decision,Patrick Cummins Decision Win,Gian Villante KO Win
Paul Buentello,245 lbs.,Kiril Sidelnikov,WIN,KO/TKO,3.0,4:18,KO,Paul Buentello KO Win,Paul Buentello KO Win
Paul Craig,205 lbs.,Jamahal Hill,WIN,KO/TKO ,1.0,1:59,KO,Paul Craig KO Win,Jamahal Hill KO Win
Paul Daley,170 lbs.,Nick Diaz,LOSS,KO/TKO,1.0,4:57,KO,Nick Diaz KO Win,Paul Daley KO Win
Paul Felder,155 lbs.,James Vick,WIN,U-DEC,3.0,5:00,Decision,Paul Felder Decision Win,James Vick Decision Win
Paulo Filho,185 lbs.,Chael Sonnen,WIN,SUB,2.0,4:55,Submission,Paulo Filho Submission Win,Paulo Filho Submission Win
Paulo Thiago,170 lbs.,Brandon Thatch,LOSS,KO/TKO,1.0,2:10,KO,Brandon Thatch KO Win,Paulo Thiago Submission Win
Pedro Munhoz,135 lbs.,Jose Aldo,LOSS,U-DEC,3.0,5:00,Decision,Jose Aldo Decision Win,Jose Aldo Decision Win
Pedro Rizzo,241 lbs.,Vladimir Matyushenko,LOSS,U-DEC,3.0,5:00,Decision,Vladimir Matyushenko Decision Win,Pedro Rizzo KO Win
Peter Sobotta,170 lbs.,Ben Saunders,WIN,KO/TKO,2.0,2:29,KO,Peter Sobotta KO Win,Ben Saunders Decision Win
Petr Yan,135 lbs.,Aljamain Sterling,LOSS,S-DEC,5.0,5:00,Decision,Aljamain Sterling Decision Win,Aljamain Sterling Decision Win
Phil Baroni,170 lbs.,Joe Riggs,LOSS,U-DEC,3.0,5:00,Decision,Joe Riggs Decision Win,Phil Baroni KO Win
Phil Davis,205 lbs.,Anthony Johnson,LOSS,U-DEC,3.0,5:00,Decision,Anthony Johnson Decision Win,Phil Davis Submission Win
Quinton Jackson,205 lbs.,Masaaki Satake,WIN,KO/TKO,1.0,7:07,KO,Quinton Jackson KO Win,Quinton Jackson Decision Win
Rafael Cavalcante,205 lbs.,Igor Pokrajac,WIN,KO/TKO,1.0,1:18,KO,Rafael Cavalcante KO Win,Rafael Cavalcante KO Win
Rafael Dos Anjos,155 lbs.,Donald Cerrone,WIN,KO/TKO ,1.0,1:06,KO,Rafael Dos Anjos KO Win,Rafael Dos Anjos Decision Win
Rafael Natal,185 lbs.,Kevin Casey,WIN,KO/TKO,3.0,3:37,KO,Rafael Natal KO Win,Rafael Natal KO Win
Rameau Thierry Sokoudjou,205 lbs.,Bob Sapp,WIN,KO/TKO,1.0,1:31,KO,Rameau Thierry Sokoudjou KO Win,Bob Sapp KO Win
Ramsey Nijem,155 lbs.,Beneil Dariush,WIN,KO/TKO ,1.0,4:20,KO,Ramsey Nijem KO Win,Beneil Dariush KO Win
Randa Markos,115 lbs.,Claudia Gadelha,LOSS,U-DEC,3.0,5:00,Decision,Claudia Gadelha Decision Win,Claudia Gadelha Decision Win
Randy Brown,170 lbs.,Jared Gooden,WIN,U-DEC,3.0,5:00,Decision,Randy Brown Decision Win,Randy Brown Decision Win
Randy Couture,205 lbs.,Chuck Liddell,WIN,KO/TKO,3.0,2:39,KO,Randy Couture KO Win,Chuck Liddell KO Win
Rani Yahya,135 lbs.,Mike Brown,WIN,U-DEC,3.0,5:00,Decision,Rani Yahya Decision Win,Mike Brown Decision Win
Raphael Assuncao,135 lbs.,TJ Dillashaw,WIN,S-DEC ,3.0,5:00,Decision,Raphael Assuncao Decision Win,Raphael Assuncao Decision Win
Raquel Pennington,135 lbs.,Pannie Kianzad,WIN,U-DEC,3.0,5:00,Decision,Raquel Pennington Decision Win,Pannie Kianzad Decision Win
Rashad Evans,205 lbs.,Sean Salmon,WIN,KO/TKO ,2.0,1:06,KO,Rashad Evans KO Win,Rashad Evans KO Win
Ray Borg,135 lbs.,Gabriel Silva,WIN,U-DEC,3.0,5:00,Decision,Ray Borg Decision Win,Ray Borg Decision Win
Renan Barao,145 lbs.,Brian Kelleher,LOSS,U-DEC,3.0,5:00,Decision,Brian Kelleher Decision Win,Renan Barao Submission Win
Renato Moicano,155 lbs.,Jai Herbert,WIN,SUB,2.0,4:34,Submission,Renato Moicano Submission Win,Renato Moicano Submission Win
Renato Sobral,205 lbs.,Rameau Thierry Sokoudjou,WIN,SUB,2.0,2:36,Submission,Renato Sobral Submission Win,Rameau Thierry Sokoudjou KO Win
Renzo Gracie,185 lbs.,BJ Penn,LOSS,U-DEC,3.0,5:00,Decision,BJ Penn Decision Win,Renzo Gracie Decision Win
Ricardo Almeida,170 lbs.,Matt Hughes,LOSS,SUB,1.0,3:15,Submission,Matt Hughes Submission Win,Ricardo Almeida Decision Win
Ricardo Arona,205 lbs.,Wanderlei Silva,LOSS,S-DEC,3.0,5:00,Decision,Wanderlei Silva Decision Win,Wanderlei Silva KO Win
Ricardo Lamas,145 lbs.,James Krause,WIN,U-DEC,3.0,5:00,Decision,Ricardo Lamas Decision Win,Ricardo Lamas Decision Win
Ricardo Ramos,145 lbs.,Bill Algeo,WIN,U-DEC,3.0,5:00,Decision,Ricardo Ramos Decision Win,Ricardo Ramos Decision Win
Ricco Rodriguez,265 lbs.,Jimmy Ambriz,WIN,KO/TKO,1.0,4:13,KO,Ricco Rodriguez KO Win,Ricco Rodriguez KO Win
Rich Clementi,155 lbs.,Gray Maynard,LOSS,U-DEC,3.0,5:00,Decision,Gray Maynard Decision Win,Gray Maynard Decision Win
Rich Franklin,185 lbs.,Nate Quarry,WIN,KO/TKO,1.0,2:34,KO,Rich Franklin KO Win,Nate Quarry KO Win
Rick Story,170 lbs.,Leonardo Mafra,WIN,SUB,2.0,2:12,Submission,Rick Story Submission Win,Rick Story KO Win
Ricky Simon,135 lbs.,Brian Kelleher,WIN,U-DEC,3.0,5:00,Decision,Ricky Simon Decision Win,Ricky Simon Submission Win
Roan Carneiro,170 lbs.,Derek Brunson,LOSS,KO/TKO,1.0,2:38,KO,Derek Brunson KO Win,Derek Brunson Decision Win
Rob Font,135 lbs.,Cody Garbrandt,WIN,U-DEC,5.0,5:00,Decision,Rob Font Decision Win,Rob Font KO Win
Rob McCullough,155 lbs.,Marcus Hicks,WIN,M-DEC,3.0,5:00,Decision,Rob McCullough Decision Win,Marcus Hicks Submission Win
Robbie Lawler,170 lbs.,Nick Diaz,LOSS,KO/TKO,2.0,1:31,KO,Nick Diaz KO Win,Robbie Lawler KO Win
Robert Whittaker,185 lbs.,Jared Cannonier,WIN,U-DEC,3.0,5:00,Decision,Robert Whittaker Decision Win,Robert Whittaker Decision Win
Roger Bowling,155 lbs.,Anthony Njokuani,LOSS,KO/TKO,2.0,2:52,KO,Anthony Njokuani KO Win,Anthony Njokuani KO Win
Rogerio Nogueira,205 lbs.,Kazushi Sakuraba,WIN,U-DEC,3.0,5:00,Decision,Rogerio Nogueira Decision Win,Rogerio Nogueira KO Win
Ron Waterman,280 lbs.,Ricco Rodriguez,WIN,U-DEC,3.0,5:00,Decision,Ron Waterman Decision Win,Ricco Rodriguez KO Win
Ronda Rousey,135 lbs.,Bethe Correia,WIN,KO/TKO ,1.0,0:34,KO,Ronda Rousey KO Win,Ronda Rousey Submission Win
Rory MacDonald,170 lbs.,Tarec Saffiedine,WIN,KO/TKO ,3.0,1:28,KO,Rory MacDonald KO Win,Rory MacDonald Decision Win
Rose Namajunas,115 lbs.,Zhang Weili,WIN,KO/TKO ,1.0,1:18,KO,Rose Namajunas KO Win,Zhang Weili Decision Win
Ross Pearson,155 lbs.,Cub Swanson,LOSS,KO/TKO,2.0,4:14,KO,Cub Swanson KO Win,Cub Swanson Decision Win
Rousimar Palhares,170 lbs.,Mike Massenzio,WIN,SUB ,1.0,1:03,Submission,Rousimar Palhares Submission Win,Rousimar Palhares Submission Win
Roxanne Modafferi,125 lbs.,Andrea Lee,WIN,U-DEC,3.0,5:00,Decision,Roxanne Modafferi Decision Win,Andrea Lee Decision Win
Roy Nelson,263 lbs.,Frank Mir,LOSS,U-DEC,3.0,5:00,Decision,Frank Mir Decision Win,Roy Nelson KO Win
Royce Gracie,175 lbs.,Kazushi Sakuraba,LOSS,KO/TKO,6.0,15:00,KO,Kazushi Sakuraba KO Win,Royce Gracie Submission Win
Rustam Khabilov,155 lbs.,Kajan Johnson,WIN,S-DEC,3.0,5:00,Decision,Rustam Khabilov Decision Win,Rustam Khabilov Decision Win
Ryan Bader,205 lbs.,Rashad Evans,WIN,U-DEC,3.0,5:00,Decision,Ryan Bader Decision Win,Ryan Bader Decision Win
Ryan LaFlare,170 lbs.,Alex Oliveira,LOSS,KO/TKO,2.0,1:50,KO,Alex Oliveira KO Win,Ryan LaFlare Decision Win
Ryan Spann,205 lbs.,Ion Cutelaba,WIN,SUB ,1.0,2:22,Submission,Ryan Spann Submission Win,Ryan Spann KO Win
Ryo Chonan,170 lbs.,Brad Blackburn,LOSS,U-DEC,3.0,5:00,Decision,Brad Blackburn Decision Win,Brad Blackburn Decision Win
Sam Alvey,185 lbs.,Thales Leites,LOSS,U-DEC,3.0,5:00,Decision,Thales Leites Decision Win,Thales Leites Decision Win
Sam Sicilia,145 lbs.,Dooho Choi,LOSS,KO/TKO,1.0,1:33,KO,Dooho Choi KO Win,Sam Sicilia KO Win
Sam Stout,155 lbs.,Cody McKenzie,WIN,U-DEC,3.0,5:00,Decision,Sam Stout Decision Win,Sam Stout Decision Win
Santiago Ponzinibbio,170 lbs.,Geoff Neal,LOSS,S-DEC,3.0,5:00,Decision,Geoff Neal Decision Win,Geoff Neal KO Win
Sara McMann,135 lbs.,Marion Reneau,LOSS,SUB,2.0,3:40,Submission,Marion Reneau Submission Win,Sara McMann Decision Win
Sarah Kaufman,135 lbs.,Leslie Smith,WIN,U-DEC,3.0,5:00,Decision,Sarah Kaufman Decision Win,Sarah Kaufman Decision Win
Scott Holtzman,155 lbs.,Beneil Dariush,LOSS,KO/TKO,1.0,4:38,KO,Beneil Dariush KO Win,Beneil Dariush Decision Win
Scott Jorgensen,135 lbs.,Frank Gomez,WIN,SUB,1.0,1:09,Submission,Scott Jorgensen Submission Win,Scott Jorgensen Decision Win
Scott Smith,185 lbs.,Cung Le,LOSS,KO/TKO,2.0,1:46,KO,Cung Le KO Win,Cung Le KO Win
Sean O'Malley,135 lbs.,Raulian Paiva,WIN,KO/TKO ,1.0,4:42,KO,Sean O'Malley KO Win,Sean O'Malley KO Win
Sean Sherk,155 lbs.,Tyson Griffin,WIN,U-DEC ,3.0,5:00,Decision,Sean Sherk Decision Win,Sean Sherk Decision Win
Sean Strickland,185 lbs.,Brendan Allen,WIN,KO/TKO ,2.0,1:32,KO,Sean Strickland KO Win,Brendan Allen Submission Win
Semmy Schilt,265 lbs.,Gan McGee,WIN,SUB,1.0,5:02,Submission,Semmy Schilt Submission Win,Semmy Schilt KO Win
Sergei Kharitonov,245 lbs.,Jeff Monson,LOSS,SUB,1.0,1:42,Submission,Jeff Monson Submission Win,Sergei Kharitonov KO Win
Serghei Spivac,260 lbs.,Greg Hardy,WIN,KO/TKO,1.0,2:16,KO,Serghei Spivac KO Win,Greg Hardy KO Win
Sergio Moraes,170 lbs.,Ben Saunders,WIN,SUB,2.0,4:42,Submission,Sergio Moraes Submission Win,Sergio Moraes KO Win
Sergio Pettis,125 lbs.,Joseph Benavidez,WIN,S-DEC,3.0,5:00,Decision,Sergio Pettis Decision Win,Sergio Pettis Decision Win
Seth Baczynski,170 lbs.,Thiago Alves,LOSS,U-DEC ,3.0,5:00,Decision,Thiago Alves Decision Win,Thiago Alves KO Win
Shamil Abdurakhimov,235 lbs.,Chris Daukaus,LOSS,KO/TKO,2.0,1:23,KO,Chris Daukaus KO Win,Chris Daukaus KO Win
Shane Burgos,145 lbs.,Edson Barboza,LOSS,KO/TKO ,3.0,1:16,KO,Edson Barboza KO Win,Shane Burgos Decision Win
Shane Roller,155 lbs.,TJ Grant,LOSS,SUB,3.0,2:12,Submission,TJ Grant Submission Win,TJ Grant KO Win
Shawn Jordan,260 lbs.,Jared Cannonier,WIN,KO/TKO ,1.0,2:57,KO,Shawn Jordan KO Win,Shawn Jordan KO Win
Shinya Aoki,154 lbs.,Jason Black,WIN,SUB,1.0,1:58,Submission,Shinya Aoki Submission Win,Shinya Aoki Submission Win
Sijara Eubanks,125 lbs.,Pannie Kianzad,LOSS,U-DEC,3.0,5:00,Decision,Pannie Kianzad Decision Win,Pannie Kianzad Decision Win
Song Yadong,135 lbs.,Julio Arce,WIN,KO/TKO,2.0,1:35,KO,Song Yadong KO Win,Song Yadong Decision Win
Spencer Fisher,155 lbs.,Curt Warburton,WIN,U-DEC,3.0,5:00,Decision,Spencer Fisher Decision Win,Curt Warburton Decision Win
Stefan Struve,265 lbs.,Lavar Johnson,WIN,SUB ,1.0,1:05,Submission,Stefan Struve Submission Win,Lavar Johnson KO Win
Stephan Bonnar,205 lbs.,Krzysztof Soszynski,WIN,KO/TKO ,2.0,3:08,KO,Stephan Bonnar KO Win,Stephan Bonnar KO Win
Stephen Thompson,170 lbs.,Geoff Neal,WIN,U-DEC ,5.0,5:00,Decision,Stephen Thompson Decision Win,Geoff Neal KO Win
Steve Cantwell,185 lbs.,Cyrille Diabate,LOSS,U-DEC,3.0,5:00,Decision,Cyrille Diabate Decision Win,Cyrille Diabate Decision Win
Stevie Ray,155 lbs.,Jessin Ayari,WIN,U-DEC,3.0,5:00,Decision,Stevie Ray Decision Win,Stevie Ray Decision Win
Stipe Miocic,240 lbs.,Alistair Overeem,WIN,KO/TKO ,1.0,4:27,KO,Stipe Miocic KO Win,Stipe Miocic KO Win
TJ Dillashaw,135 lbs.,Raphael Assuncao,WIN,U-DEC,3.0,5:00,Decision,TJ Dillashaw Decision Win,Raphael Assuncao Decision Win
TJ Grant,155 lbs.,Evan Dunham,WIN,U-DEC ,3.0,5:00,Decision,TJ Grant Decision Win,Evan Dunham Decision Win
Tai Tuivasa,264 lbs.,Derrick Lewis,WIN,KO/TKO ,2.0,1:40,KO,Tai Tuivasa KO Win,Tai Tuivasa KO Win
Takanori Gomi,155 lbs.,Mitsuhiro Ishida,WIN,KO/TKO,1.0,1:14,KO,Takanori Gomi KO Win,Mitsuhiro Ishida Decision Win
Takeya Mizugaki,135 lbs.,Aljamain Sterling,LOSS,SUB,3.0,2:11,Submission,Aljamain Sterling Submission Win,Aljamain Sterling Decision Win
Tarec Saffiedine,170 lbs.,Jake Ellenberger,WIN,U-DEC,3.0,5:00,Decision,Tarec Saffiedine Decision Win,Tarec Saffiedine Decision Win
Tatsuya Kawajiri,145 lbs.,Charles Bennett,WIN,SUB,1.0,2:30,Submission,Tatsuya Kawajiri Submission Win,Tatsuya Kawajiri Submission Win
Tecia Torres,115 lbs.,Brianna Fortino,WIN,U-DEC,3.0,5:00,Decision,Tecia Torres Decision Win,Tecia Torres Decision Win
Terry Etim,155 lbs.,Edward Faaloloto,WIN,SUB ,1.0,0:17,Submission,Terry Etim Submission Win,Terry Etim KO Win
Terry Martin,185 lbs.,Vitor Belfort,LOSS,KO/TKO,2.0,3:12,KO,Vitor Belfort KO Win,Vitor Belfort KO Win
Thales Leites,185 lbs.,Drew McFedries,WIN,SUB,1.0,1:18,Submission,Thales Leites Submission Win,Thales Leites Submission Win
Thiago Alves,170 lbs.,Matt Hughes,WIN,KO/TKO,2.0,1:02,KO,Thiago Alves KO Win,Matt Hughes KO Win
Thiago Moises,155 lbs.,Joel Alvarez,LOSS,KO/TKO,1.0,3:01,KO,Joel Alvarez KO Win,Thiago Moises Decision Win
Thiago Santos,205 lbs.,Gerald Meerschaert,WIN,KO/TKO,2.0,2:04,KO,Thiago Santos KO Win,Gerald Meerschaert Submission Win
Thiago Silva,205 lbs.,Keith Jardine,WIN,KO/TKO,1.0,1:35,KO,Thiago Silva KO Win,Thiago Silva KO Win
Thiago Tavares,145 lbs.,Sam Stout,WIN,U-DEC,3.0,5:00,Decision,Thiago Tavares Decision Win,Thiago Tavares Decision Win
Thomas Almeida,145 lbs.,Rob Font,LOSS,KO/TKO,2.0,2:24,KO,Rob Font KO Win,Rob Font KO Win
Tiki Ghosn,170 lbs.,Dave Terrel,LOSS,KO/TKO,2.0,1:46,KO,Dave Terrel KO Win,Dave Terrel KO Win
Tim Boetsch,185 lbs.,Constantinos Philippou,LOSS,KO/TKO,3.0,2:11,KO,Constantinos Philippou KO Win,Tim Boetsch Decision Win
Tim Elliott,125 lbs.,Ryan Benoit,WIN,U-DEC,3.0,5:00,Decision,Tim Elliott Decision Win,Tim Elliott Decision Win
Tim Kennedy,185 lbs.,Rafael Natal,WIN,KO/TKO ,1.0,4:40,KO,Tim Kennedy KO Win,Rafael Natal Decision Win
Tim Means,170 lbs.,Dhiego Lima,WIN,KO/TKO ,1.0,2:17,KO,Tim Means KO Win,Tim Means KO Win
Tim Sylvia,265 lbs.,Randy Couture,LOSS,U-DEC,5.0,5:00,Decision,Randy Couture Decision Win,Tim Sylvia KO Win
Tito Ortiz,205 lbs.,Vladimir Matyushenko,WIN,U-DEC,5.0,5:00,Decision,Tito Ortiz Decision Win,Tito Ortiz KO Win
Tom Lawlor,205 lbs.,Michael Kuiper,WIN,SUB,2.0,1:05,Submission,Tom Lawlor Submission Win,Tom Lawlor Submission Win
Tony Ferguson,155 lbs.,Katsunori Kikuno,WIN,KO/TKO,1.0,4:06,KO,Tony Ferguson KO Win,Tony Ferguson KO Win
Travis Browne,255 lbs.,Cain Velasquez,LOSS,KO/TKO,1.0,4:57,KO,Cain Velasquez KO Win,Cain Velasquez KO Win
Trevin Giles,170 lbs.,Michael Morales,LOSS,KO/TKO,1.0,4:06,KO,Michael Morales KO Win,Michael Morales KO Win
Trevor Prangley,185 lbs.,Tim Kennedy,LOSS,SUB,1.0,3:35,Submission,Tim Kennedy Submission Win,Tim Kennedy Decision Win
Trevor Smith,185 lbs.,Chris Camozzi,WIN,U-DEC,3.0,5:00,Decision,Trevor Smith Decision Win,Trevor Smith Decision Win
Tyron Woodley,170 lbs.,Jake Shields,LOSS,S-DEC,3.0,5:00,Decision,Jake Shields Decision Win,Jake Shields Decision Win
Tyson Griffin,145 lbs.,Takanori Gomi,LOSS,KO/TKO,1.0,1:04,KO,Takanori Gomi KO Win,Takanori Gomi Decision Win
Uriah Hall,185 lbs.,Anderson Silva,WIN,KO/TKO,4.0,1:24,KO,Uriah Hall KO Win,Anderson Silva KO Win
Urijah Faber,135 lbs.,Eddie Wineland,WIN,U-DEC,3.0,5:00,Decision,Urijah Faber Decision Win,Eddie Wineland KO Win
Valentina Shevchenko,125 lbs.,Jessica Andrade,WIN,KO/TKO,2.0,3:19,KO,Valentina Shevchenko KO Win,Valentina Shevchenko Decision Win
Vicente Luque,170 lbs.,Tyron Woodley,WIN,SUB ,1.0,3:56,Submission,Vicente Luque Submission Win,Vicente Luque KO Win
Vinc Pichel,155 lbs.,Jim Miller,WIN,U-DEC,3.0,5:00,Decision,Vinc Pichel Decision Win,Vinc Pichel Decision Win
Vitor Belfort,185 lbs.,Kelvin Gastelum,NC,Overturned,1.0,3:52,Submission,Kelvin Gastelum Submission Win,Kelvin Gastelum Decision Win
Vladimir Matyushenko,205 lbs.,Alexandre Ferreira,WIN,KO/TKO,1.0,2:20,KO,Vladimir Matyushenko KO Win,Vladimir Matyushenko KO Win
Volkan Oezdemir,205 lbs.,Magomed Ankalaev,LOSS,U-DEC,3.0,5:00,Decision,Magomed Ankalaev Decision Win,Magomed Ankalaev KO Win
Walt Harris,250 lbs.,Aleksei Oleinik,WIN,KO/TKO ,1.0,0:12,KO,Walt Harris KO Win,Walt Harris KO Win
Wanderlei Silva,205 lbs.,Cung Le,WIN,KO/TKO ,2.0,4:49,KO,Wanderlei Silva KO Win,Cung Le KO Win
Warlley Alves,170 lbs.,Randy Brown,LOSS,SUB,2.0,1:22,Submission,Randy Brown Submission Win,Randy Brown Decision Win
Wilson Gouveia,185 lbs.,Jason MacDonald,WIN,KO/TKO,1.0,2:18,KO,Wilson Gouveia KO Win,Wilson Gouveia Submission Win
Wilson Reis,125 lbs.,John Moraga,LOSS,U-DEC,3.0,5:00,Decision,John Moraga Decision Win,Wilson Reis Decision Win
Yair Rodriguez,145 lbs.,Max Holloway,LOSS,U-DEC ,5.0,5:00,Decision,Max Holloway Decision Win,Yair Rodriguez Decision Win
Yancy Medeiros,155 lbs.,Donald Cerrone,LOSS,KO/TKO,1.0,4:58,KO,Donald Cerrone KO Win,Donald Cerrone KO Win
Yoel Romero,185 lbs.,Luke Rockhold,WIN,KO/TKO,3.0,1:48,KO,Yoel Romero KO Win,Yoel Romero KO Win
Yoshihiro Akiyama,170 lbs.,Carl Toomey,WIN,SUB,1.0,0:59,Submission,Yoshihiro Akiyama Submission Win,Yoshihiro Akiyama Submission Win
Yoshiro Maeda,139 lbs.,Kenji Osawa,LOSS,S-DEC,3.0,5:00,Decision,Kenji Osawa Decision Win,Kenji Osawa Decision Win
Yuki Kondo,183 lbs.,Kazuhiro Nakamura,LOSS,U-DEC,3.0,5:00,Decision,Kazuhiro Nakamura Decision Win,Kazuhiro Nakamura Decision Win
Yushin Okami,170 lbs.,Dean Lister,WIN,U-DEC,3.0,5:00,Decision,Yushin Okami Decision Win,Yushin Okami Decision Win
Yves Edwards,155 lbs.,Rich Clementi,WIN,SUB,3.0,4:07,Submission,Yves Edwards Submission Win,Yves Edwards Submission Win
Yves Jabouin,135 lbs.,Mike Easton,WIN,U-DEC,3.0,5:00,Decision,Yves Jabouin Decision Win,Yves Jabouin Decision Win
Zak Cummings,205 lbs.,Trevin Giles,WIN,SUB,3.0,4:01,Submission,Zak Cummings Submission Win,Trevin Giles Decision Win
